MTS	OPEN	CLOSE	HIGH	LOW	VOLUME
1573401480000	63.289	63.268	63.289	63.268	24.7523244
1573401600000	63.154	63.154	63.154	63.154	0.24550945
1573402440000	63.232	63.232	63.232	63.232	3.26722955
1573402680000	63.837	64.844	64.844	63.837	337.50560667
1573402740000	64.751	64.395	64.846	64.395	102.35090142
1573402800000	64.566	64.837	64.837	64.566	25.40778461
1573402860000	64.816	64.103	64.816	64.103	139.10899627
1573402920000	64.195	63.799	64.195	63.799	21.528965409999998
1573402980000	64.053	64.513	64.52	64.053	116.78250522
1573403460000	64.393	64.393	64.393	64.393	0.234
1573403520000	63.996	63.996	63.996	63.996	0.233532
1573403580000	64.342	64.342	64.342	64.342	0.235
1573404240000	64.148	64.148	64.148	64.148	9.0
1573404300000	64.098	64.098	64.123	64.097	13.6944067
1573404360000	64.135	64.135	64.135	64.135	3.89802759
1573404420000	64.098	64.097	64.098	64.097	1.59198255
1573404600000	63.873	64.104	64.104	63.873	0.51487273
1573404720000	64.094	64.094	64.094	64.094	3.9005211
1573404840000	64.089	64.089	64.089	64.089	3.90082541
1573406400000	64.011	64.011	64.011	64.011	0.06992497
1573407120000	64.107	64.107	64.107	64.107	1.0
1573407180000	64.297	64.297	64.297	64.297	1.0
1573407360000	64.16	64.149	64.16	64.149	10.0
1573407420000	64.061	64.061	64.061	64.061	9.0
1573407600000	64.06	64.06	64.06	64.06	0.1
1573407660000	64.06	64.06	64.06	64.06	1.0
1573407900000	64.135	64.168	64.168	64.135	12.680803019999999
1573408080000	64.074	64.074	64.074	64.074	0.5977
1573408440000	64.224	64.244	64.244	64.224	40.0
1573408620000	64.052	64.052	64.052	64.052	0.1
1573408920000	64.112	64.112	64.112	64.112	1.833918
1573409520000	64.128	64.103	64.128	64.103	16.4752
1573409640000	64.106	64.273	64.273	64.106	18.4752
1573410420000	64.268	64.268	64.268	64.268	1.01
1573410540000	64.207	64.207	64.207	64.207	2.95399594
1573410600000	64.296	64.296	64.296	64.296	1.0
1573410900000	64.293	64.293	64.293	64.293	2.72045029
1573410960000	64.293	64.261	64.293	64.261	14.93979684
1573411680000	64.192	64.193	64.193	64.192	0.2
1573411860000	64.193	64.3	64.3	64.193	7.62172689
1573411980000	64.3	64.3	64.3	64.3	0.216
1573412040000	64.3	64.499	64.499	64.3	0.25
1573412100000	64.309	64.458	64.458	64.3	84.41186906
1573412880000	64.326	64.326	64.326	64.326	1.25648199
1573413360000	64.269	64.269	64.269	64.269	0.09645829
1573414620000	64.315	64.315	64.315	64.315	0.1
1573415220000	64.315	64.315	64.315	64.315	0.15
1573415280000	64.315	64.315	64.315	64.315	1.75
1573415820000	64.491	64.5	64.5	64.491	9.91
1573415880000	64.59	64.59	64.59	64.59	4.093
1573415940000	64.59	64.59	64.59	64.59	0.00045844
1573416000000	64.844	64.977	64.977	64.844	29.7907
1573416240000	64.657	64.657	64.657	64.657	1.2
1573416420000	64.576	64.777	64.777	64.576	3.17720266
1573416660000	64.813	64.813	64.813	64.813	2.4806
1573416720000	64.595	64.735	64.735	64.595	3.6
1573416780000	64.557	64.555	64.557	64.555	10.0
1573416840000	64.545	64.543	64.545	64.543	10.0
1573416960000	64.456	64.426	64.456	64.426	53.25780298
1573417200000	64.427	64.409	64.427	64.407	20.56160175
1573419120000	64.549	64.549	64.549	64.549	0.61
1573419900000	64.327	64.326	64.327	64.326	12.0
1573420680000	64.153	64.153	64.153	64.153	2.3889528899999997
1573420740000	64.153	64.093	64.153	64.093	6.4211136600000005
1573421220000	63.998	63.998	63.998	63.998	0.1
1573421400000	63.946	63.946	63.946	63.946	0.1
1573422240000	64.07	64.07	64.07	64.07	0.1
1573422420000	64.07	64.07	64.07	64.07	0.06
1573422720000	64.082	64.082	64.082	64.082	2.0
1573422840000	64.255	64.255	64.255	64.255	0.1
1573423200000	64.2	64.2	64.2	64.2	0.623053
1573423740000	64.028	64.028	64.028	64.028	0.1
1573424160000	64.239	64.239	64.239	64.239	0.1
1573425600000	64.24	64.24	64.24	64.24	0.5
1573426440000	64.129	64.129	64.129	64.129	1.1819
1573426620000	64.177	64.177	64.177	64.177	0.1
1573427040000	64.305	64.285	64.305	64.285	10.0
1573427280000	64.172	64.16	64.172	64.16	5.0
1573428240000	64.209	64.245	64.245	64.209	17.2235144
1573428660000	64.028	64.028	64.028	64.028	0.1
1573428780000	64.028	64.028	64.028	64.028	1.0
1573429560000	63.982	63.982	63.982	63.982	0.30379917
1573429920000	63.982	63.982	63.982	63.982	0.06166739
1573434060000	64.029	64.024	64.029	64.024	11.00878
1573434240000	63.974	63.975	63.975	63.974	1.6600000000000001
1573435080000	63.976	63.929	63.976	63.929	5.0
1573436880000	63.856	63.856	63.856	63.856	0.1
1573439880000	63.841	63.841	63.841	63.841	0.23501946
1573442460000	63.8	63.8	63.8	63.8	7.31388593
1573442760000	63.8	63.8	63.8	63.8	15.290297460000001
1573443480000	63.8	63.8	63.8	63.8	5.39581661
1573445340000	63.786	63.786	63.786	63.786	2.0
1573446660000	63.406	63.298	63.406	63.298	11.57713378
1573446720000	63.503	63.503	63.503	63.503	0.316
1573446780000	63.298	63.298	63.298	63.298	3.94000695
1573446900000	63.236	63.233	63.236	63.233	0.45815262
1573447260000	63.117	63.105	63.117	63.105	0.57756887
1573447320000	63.105	63.046	63.105	63.042	0.5
1573447680000	63.363	63.363	63.363	63.363	5.0
1573447920000	63.298	63.298	63.298	63.298	0.22608483
1573448640000	63.042	63.042	63.042	63.042	1.68708885
1573448820000	63.254	63.254	63.254	63.254	0.22608483
1573450500000	63.038	62.7	63.038	62.7	202.94289171
1573450560000	62.701	62.701	62.701	62.701	0.4306
1573450620000	62.701	62.701	62.701	62.701	0.6808908
1573450680000	62.7	62.637	62.7	62.637	5.16192092
1573450860000	62.609	62.609	62.609	62.609	19.63
1573451520000	62.816	62.816	62.816	62.816	0.22608483
1573452180000	62.688	62.687	62.688	62.687	0.62525298
1573452360000	62.674	62.674	62.674	62.674	1.3
1573452420000	62.646	62.545	62.646	62.545	1.7371713500000001
1573452540000	62.545	62.545	62.545	62.545	0.70108654
1573452600000	62.696	62.696	62.696	62.696	5.0
1573453320000	62.535	62.535	62.535	62.535	0.22608483
1573453500000	62.489	62.363	62.489	62.358	8.58834384
1573453680000	62.355	62.355	62.355	62.355	2.0
1573454220000	62.381	62.381	62.381	62.381	0.52858568
1573454280000	62.247	62.302	62.302	62.163	1.37291635
1573454640000	62.163	62.117	62.163	61.949	8.331272
1573454700000	61.863	61.53	61.863	61.529	152.091921
1573454820000	61.555	61.555	61.555	61.555	0.15913272
1573455120000	61.832	61.832	61.832	61.832	0.22608483
1573455300000	61.886	61.928	61.928	61.68	3.62858568
1573456020000	61.961	61.961	61.961	61.961	0.22608483
1573456980000	61.934	61.934	61.934	61.934	0.68035287
1573458480000	62.092	62.093	62.093	62.092	115.61501217
1573459200000	62.104	62.104	62.104	62.104	0.06
1573459380000	62.119	62.119	62.119	62.119	2.211867
1573459800000	62.101	62.101	62.101	62.101	0.5
1573462020000	62.228	62.228	62.228	62.228	2.0
1573462740000	62.115	62.114	62.115	62.114	9.540759099999999
1573463040000	62.0	62.0	62.0	62.0	260.58796015
1573463160000	61.64	61.64	61.64	61.64	0.36354123
1573463280000	61.889	61.889	61.889	61.889	1.0
1573463340000	61.917	61.952	61.952	61.917	40.0
1573463700000	62.157	62.138	62.157	62.138	3.93028919
1573464000000	62.138	62.138	62.138	62.138	0.22110063
1573464060000	62.138	62.113	62.138	62.113	2.81325789
1573464300000	61.966	61.966	61.966	61.966	1.03382968
1573464360000	61.793	61.37	61.793	61.37	10.84872339
1573464420000	61.3	61.337	61.337	61.086	80.33425845000001
1573464480000	61.538	61.538	61.538	61.538	0.1
1573464660000	61.339	61.303	61.339	61.303	15.8488
1573464720000	61.444	61.447	61.447	61.444	15.0
1573464840000	61.466	61.466	61.467	61.466	0.50897226
1573464900000	61.498	61.498	61.498	61.498	0.39172234
1573465080000	61.569	61.569	61.569	61.569	5.82072559
1573465200000	61.465	61.465	61.465	61.465	7.86736719
1573465260000	61.465	61.465	61.465	61.465	83.33334399
1573465320000	61.465	61.465	61.465	61.465	2.84406669
1573465440000	61.465	61.465	61.465	61.465	4.17609383
1573465620000	61.389	61.39	61.39	61.389	5.0
1573466520000	61.147	61.09	61.147	61.09	5.81464286
1573466880000	61.23	61.23	61.23	61.23	1.0984922
1573466940000	61.204	61.204	61.204	61.204	0.13177871
1573467240000	61.327	61.327	61.327	61.327	1.0
1573467420000	61.519	61.519	61.519	61.519	4.75845647
1573467660000	61.459	61.459	61.459	61.459	1.0
1573468020000	61.493	61.493	61.493	61.493	0.25
1573468620000	61.481	61.5	61.5	61.481	82.39235935
1573469700000	61.538	61.538	61.538	61.538	2.0
1573469820000	61.45	61.45	61.45	61.45	1.0
1573470120000	61.429	61.429	61.429	61.429	0.110993
1573470480000	61.429	61.429	61.429	61.429	5.889007
1573471080000	61.556	61.569	61.569	61.556	19.18915741
1573471440000	61.637	61.638	61.638	61.637	2.39939
1573471980000	61.559	61.559	61.559	61.559	9.0
1573472700000	61.559	61.638	61.638	61.559	13.10938353
1573472820000	61.704	61.775	61.775	61.704	5.0
1573472880000	61.774	61.774	61.774	61.774	10.0
1573473060000	61.771	61.775	61.776	61.771	3.72079
1573473240000	61.776	61.776	61.776	61.776	0.00034447
1573473300000	61.845	61.845	61.845	61.845	0.62
1573473360000	61.845	61.914	61.914	61.845	4.91370608
1573473420000	61.983	61.983	61.983	61.983	0.84
1573474080000	61.809	61.809	61.809	61.809	17.232575399999998
1573474440000	61.744	61.744	61.744	61.744	0.31
1573474740000	61.741	61.591	61.741	61.591	9.06043442
1573474800000	61.591	61.56	61.591	61.56	14.0
1573475340000	61.426	61.426	61.426	61.426	0.0659987
1573475820000	61.744	61.744	61.744	61.744	2.516
1573475880000	61.744	61.744	61.744	61.744	0.00051073
1573476360000	61.903	61.903	61.903	61.903	5.0
1573476660000	61.943	61.943	61.943	61.943	9.0
1573477500000	61.795	61.795	61.795	61.795	7.61626538
1573477560000	61.795	61.795	61.795	61.795	9.0
1573477980000	61.91	61.91	61.91	61.91	3.0
1573478520000	61.776	61.756	61.776	61.756	15.0
1573479300000	61.907	61.907	61.907	61.907	0.35477
1573479720000	61.926	61.926	61.926	61.926	2.8850665
1573480080000	61.971	62.063	62.063	61.971	19.0
1573480800000	62.056	62.056	62.056	62.056	1.1
1573480920000	62.121	62.121	62.121	62.121	1.06104511
1573481400000	62.113	62.113	62.113	62.113	9.0
1573481700000	61.973	61.973	61.973	61.973	3.99354049
1573482960000	62.169	62.169	62.169	62.169	11.098
1573483920000	62.169	62.169	62.169	62.169	31.019
1573484280000	62.169	62.169	62.169	62.169	18.05
1573484520000	62.169	62.412	62.412	62.169	43.82042788
1573484640000	62.466	62.466	62.466	62.466	1.61161016
1573484760000	62.523	62.523	62.523	62.523	19.5845385
1573485180000	62.337	62.337	62.337	62.337	0.25
1573485240000	62.5	62.5	62.5	62.5	0.25
1573485900000	62.354	62.345	62.355	62.345	0.25955712
1573486200000	62.389	62.389	62.389	62.389	0.32725966
1573486380000	62.391	62.391	62.391	62.391	9.0
1573487220000	62.257	62.257	62.257	62.257	8.40932355
1573487280000	62.323	62.324	62.324	62.323	1.0
1573487580000	62.262	62.262	62.262	62.262	2.80238364
1573488180000	62.534	62.603	62.603	62.534	3.55355317
1573488240000	62.603	62.672	62.672	62.603	0.24
1573488300000	62.62	62.672	62.672	62.62	1.14789999
1573488540000	62.672	62.672	62.672	62.672	0.99789999
1573488660000	62.624	62.624	62.624	62.624	9.0
1573489320000	62.437	62.437	62.437	62.437	0.99580419
1573492020000	62.53	62.53	62.53	62.53	9.0
1573492140000	62.343	62.343	62.343	62.343	10.0
1573492200000	62.354	62.354	62.354	62.354	0.09030898
1573493160000	62.29	62.219	62.29	62.219	76.093221
1573493520000	62.346	62.346	62.346	62.346	0.5
1573494600000	62.197	62.197	62.197	62.197	1.20741219
1573495140000	62.068	62.068	62.068	62.068	0.5
1573495860000	62.006	62.006	62.006	62.006	0.79678362
1573495980000	62.154	62.154	62.154	62.154	0.506
1573496040000	62.005	62.005	62.005	62.005	4.02272032
1573496100000	61.915	61.915	61.915	61.915	0.77980888
1573496280000	61.916	61.916	61.916	61.916	4.03772853
1573496520000	62.11	62.11	62.11	62.11	4.02511672
1573496640000	62.126	62.126	62.126	62.126	2.76
1573496880000	61.948	61.948	61.948	61.948	1.13584817
1573497000000	62.011	62.173	62.173	62.011	17.135848170000003
1573497240000	62.207	62.207	62.207	62.207	4.01884032
1573497360000	62.3	62.3	62.3	62.3	4.01284109
1573497480000	62.314	62.314	62.314	62.314	3.15080189
1573498380000	62.423	62.423	62.423	62.423	4.00557576
1573498500000	62.352	62.352	62.352	62.352	4.00493407
1573498920000	62.506	62.506	62.506	62.506	2.96491364
1573499160000	62.124	62.414	62.414	62.124	10.06549648
1573499400000	62.05	62.05	62.05	62.05	4.01213268
1573499640000	62.12	62.12	62.12	62.12	4.02900886
1573499760000	62.111	62.111	62.111	62.111	0.2
1573500000000	62.049	62.049	62.049	62.049	1.43668972
1573500120000	62.271	62.083	62.271	62.083	1.56021072
1573500360000	62.044	62.043	62.044	62.043	4.0268672500000005
1573500960000	62.378	62.378	62.378	62.378	1.0
1573501560000	62.07	62.07	62.07	62.07	0.10084399
1573503960000	62.028	62.028	62.028	62.028	0.06437809
1573505160000	62.0	62.0	62.0	62.0	1.0
1573506180000	62.011	62.011	62.011	62.011	1.0
1573506420000	61.9	61.9	61.9	61.9	0.85349
1573512420000	61.804	61.8	61.804	61.8	2.00063464
1573513320000	61.817	61.817	61.817	61.817	2.92134808
1573513740000	61.791	61.79	61.791	61.79	4.33911239
1573517460000	61.656	61.656	61.656	61.656	3.0
1573522320000	61.885	61.885	61.885	61.885	5.0
1573524180000	62.074	62.074	62.074	62.074	5.84466085
1573526040000	62.384	62.457	62.457	62.384	20.0
1573529400000	62.044	62.044	62.044	62.044	10.0
1573530120000	61.993	61.993	61.993	61.993	5.0
1573530360000	62.1	62.1	62.1	62.1	0.5
1573530480000	62.26	62.26	62.26	62.26	0.644
1573530660000	62.291	62.291	62.291	62.291	0.642
1573530840000	62.322	62.322	62.322	62.322	0.642
1573531020000	62.318	62.318	62.318	62.318	0.642
1573531200000	62.309	62.309	62.309	62.309	0.642
1573534140000	62.123	62.123	62.123	62.123	15.6
1573534680000	62.216	62.216	62.216	62.216	0.07237176
1573536180000	62.5	62.5	62.5	62.5	2.0
1573539240000	62.672	62.842	62.842	62.672	100.0
1573539300000	62.839	62.87	62.87	62.836	200.0
1573539360000	62.877	62.878	62.878	62.877	30.26694
1573540980000	62.358	62.362	62.362	62.358	0.50465794
1573541460000	62.713	62.713	62.713	62.713	0.1
1573542480000	62.604	62.604	62.604	62.604	0.4796119
1573544460000	62.727	62.726	62.727	62.726	33.5170978
1573544880000	62.435	62.435	62.435	62.435	1.45347451
1573545600000	62.567	62.567	62.567	62.567	0.07739464
1573546500000	62.397	62.397	62.397	62.397	15.645280199999998
1573547160000	62.301	62.3	62.301	62.3	9.10798351
1573547340000	62.303	62.3	62.303	62.3	127.0770422
1573547400000	62.3	62.3	62.3	62.3	7.61344425
1573547640000	62.3	62.3	62.3	62.3	7.56528378
1573548780000	62.093	62.093	62.093	62.093	0.06105312
1573549080000	62.396	62.396	62.396	62.396	0.09164111
1573549980000	62.761	62.888	62.888	62.761	319.0
1573551420000	62.409	62.502	62.502	62.409	150.0
1573551480000	62.541	62.297	62.542	62.297	15.362
1573551540000	62.301	62.301	62.301	62.301	13.30688404
1573552680000	62.407	62.406	62.407	62.406	34.89155385
1573552740000	62.411	62.41	62.411	62.41	18.39282548
1573552800000	62.413	62.413	62.413	62.413	7.73658452
1573552920000	62.447	62.445	62.447	62.445	13.11596401
1573553040000	62.445	62.232	62.445	62.232	30.10452304
1573557060000	62.307	62.307	62.307	62.307	0.12397679
1573557660000	62.948	63.123	63.155	62.948	11.21842187
1573557720000	63.155	63.606	63.989	63.155	66.58655514
1573557780000	64.0	64.085	64.373	64.0	111.45376867
1573557840000	64.502	65.169	65.407	64.502	679.82294852
1573557900000	65.554	65.9	65.9	65.506	194.18018947
1573557960000	65.9	63.449	65.933	63.449	695.06789575
1573558020000	63.774	63.45	63.838	63.45	113.50522705
1573558080000	63.45	64.053	64.053	63.293	61.65932609
1573558140000	64.161	64.0	64.168	64.0	2.24793437
1573558200000	64.345	64.238	64.672	64.238	36.29878401
1573558260000	63.981	63.716	63.981	63.716	47.8
1573558320000	63.876	63.775	63.876	63.775	0.6278
1573558440000	63.384	63.384	63.384	63.384	0.5
1573558620000	63.3	63.3	63.3	63.3	0.56871
1573558980000	63.447	63.447	63.447	63.447	0.83865183
1573559040000	63.447	63.447	63.447	63.447	1.58405712
1573559100000	63.447	63.447	63.447	63.447	0.37888373
1573559160000	63.447	63.447	63.447	63.447	0.12307354
1573559280000	63.636	63.61	63.64	63.61	15.48146973
1573559340000	63.61	63.505	63.611	63.505	14.45781442
1573559640000	63.487	63.487	63.487	63.487	0.18976359
1573559820000	63.459	63.459	63.459	63.459	0.7
1573560180000	63.522	63.522	63.522	63.522	0.12982409
1573560360000	63.773	64.599	64.599	63.773	35.55704528
1573560420000	64.5	64.5	64.5	64.5	169.67912834
1573560480000	64.5	64.437	64.5	64.437	57.313920610000004
1573560900000	64.22	64.22	64.22	64.22	5.75
1573560960000	64.22	64.045	64.22	64.045	28.49150827
1573561320000	63.25	63.188	63.25	63.188	71.79265209
1573561380000	63.117	63.0	63.117	63.0	81.49135701
1573562460000	63.087	63.0	63.087	63.0	40.0
1573562640000	62.951	62.951	62.951	62.951	0.07316874
1573563000000	63.089	63.089	63.089	63.089	4.0
1573563060000	63.049	63.049	63.049	63.049	2.95002
1573563300000	63.073	63.073	63.073	63.073	0.9364
1573563600000	62.938	62.938	62.938	62.938	4.9143
1573563900000	62.938	62.938	62.938	62.938	1.0
1573564080000	62.937	62.86	62.937	62.86	0.9364
1573564140000	62.946	62.87	62.947	62.87	11.9181
1573564260000	62.86	62.86	62.86	62.86	78.961015
1573564500000	62.86	62.86	62.86	62.86	5.11138564
1573564560000	62.815	62.793	62.815	62.793	0.7082417599999999
1573564980000	62.743	62.743	62.743	62.743	9.0
1573565160000	62.926	63.087	63.087	62.926	73.06942656
1573565340000	62.96	62.96	62.96	62.96	17.804000000000002
1573565520000	62.929	62.921	62.929	62.921	99.32907777
1573565700000	62.9	62.93	62.93	62.9	10.91678223
1573565760000	63.0	63.0	63.0	63.0	1.0
1573565940000	63.159	63.159	63.159	63.159	0.07531468
1573566240000	63.125	63.125	63.125	63.125	0.06024656
1573566300000	63.164	63.164	63.164	63.164	1.5591138
1573566900000	63.154	63.359	63.359	63.154	1.15613887
1573567020000	63.369	63.369	63.369	63.369	1.0
1573567200000	63.028	63.028	63.028	63.028	0.08982069
1573567320000	62.912	62.766	62.912	62.766	50.0
1573567500000	62.691	62.69	62.691	62.69	0.31599295
1573567560000	62.816	62.966	62.966	62.816	7.34241886
1573568100000	62.777	62.778	62.778	62.777	11.5
1573568220000	62.689	62.689	62.689	62.689	0.23
1573568280000	62.737	62.737	62.737	62.737	0.6381
1573568880000	62.567	62.571	62.571	62.382	4.61908323
1573569480000	62.569	62.569	62.569	62.569	0.25
1573571520000	62.317	62.3	62.317	62.3	49.04260268
1573571580000	62.3	62.3	62.3	62.3	3.48432056
1573571640000	62.3	62.3	62.3	62.3	31.3612017
1573571700000	62.3	62.3	62.3	62.3	49.51922961
1573571760000	62.3	62.3	62.3	62.3	6.28208649
1573571820000	62.3	62.247	62.3	62.247	12.55533755
1573571880000	62.222	62.029	62.222	62.029	20.7794897
1573571940000	62.033	62.032	62.033	62.032	20.0
1573572180000	62.029	61.714	62.029	61.714	166.69471755
1573572300000	61.816	61.815	61.816	61.815	22.0
1573572360000	61.963	61.963	61.963	61.963	6.6390927
1573572480000	62.192	62.192	62.192	62.192	9.0
1573572600000	62.387	62.713	62.713	62.387	22.96096648
1573572720000	62.594	62.594	62.594	62.594	9.0
1573572900000	62.711	62.711	62.711	62.711	0.639
1573573080000	62.453	62.478	62.478	62.453	0.2
1573573200000	62.49	62.49	62.49	62.49	0.15436524
1573573380000	62.616	62.616	62.616	62.616	3.0
1573573620000	62.748	62.748	62.748	62.748	1.0
1573574100000	62.749	62.749	62.749	62.749	0.07348867
1573574280000	62.852	62.852	62.852	62.852	0.25
1573574340000	62.852	62.852	62.852	62.852	9.0
1573574640000	62.964	62.964	62.964	62.964	0.60001458
1573574700000	62.964	62.986	62.986	62.964	0.97712492
1573574760000	63.117	63.117	63.117	63.117	0.43
1573575000000	63.032	63.034	63.034	63.032	0.20201339000000001
1573575360000	63.114	63.116	63.116	63.114	10.0
1573576200000	62.992	62.992	62.992	62.992	5.0053745
1573576860000	63.116	63.116	63.116	63.116	1.22
1573577460000	63.116	63.119	63.119	63.116	1.584309
1573578180000	62.987	62.985	62.987	62.985	20.46611771
1573578240000	62.968	62.947	62.968	62.947	9.53388229
1573578720000	62.804	62.789	62.804	62.789	23.77683362
1573578900000	62.749	62.749	62.749	62.749	0.25
1573579800000	62.815	62.815	62.815	62.815	0.06829607
1573580520000	63.119	63.119	63.119	63.119	2.72808509
1573580580000	63.119	63.276	63.276	63.119	15.0
1573583280000	63.076	63.08	63.08	63.076	8.176852
1573583460000	63.148	63.148	63.148	63.148	0.78495157
1573586280000	62.996	62.996	62.996	62.996	2.94412
1573586340000	63.025	63.024	63.025	63.024	9.9898
1573587660000	63.28	63.31	63.31	63.28	85.64592982
1573587720000	63.406	63.406	63.406	63.406	1.608
1573587960000	63.303	63.261	63.303	63.256	39.84
1573589460000	63.054	63.054	63.054	63.054	0.07012153
1573591500000	63.401	63.406	63.406	63.401	1.68815176
1573591860000	62.637	62.637	62.637	62.637	5.0
1573592580000	62.501	62.501	62.501	62.501	3.4
1573593240000	62.577	62.577	62.577	62.577	5.042170919999999
1573594200000	62.497	62.51	62.51	62.497	17.44023984
1573595280000	62.51	62.401	62.51	62.401	3.0146258
1573595460000	62.39	62.39	62.39	62.39	34.4
1573595580000	62.39	62.36	62.39	62.36	45.589618
1573595640000	62.247	62.247	62.247	62.247	0.43
1573596120000	62.291	62.364	62.364	62.291	13.0
1573596960000	62.3	62.3	62.3	62.3	0.08999675
1573597200000	62.3	62.3	62.3	62.3	1.91000325
1573597740000	62.247	62.188	62.247	62.188	0.27011444
1573597800000	62.163	62.163	62.163	62.163	1.60868056
1573597860000	61.95	61.829	61.968	61.829	0.54353686
1573598280000	61.83	61.829	61.83	61.829	1.167
1573598340000	61.705	61.705	61.705	61.705	0.231
1573598880000	62.019	62.024	62.025	62.019	23.18955829
1573600620000	62.091	62.091	62.091	62.091	0.07371074
1573601700000	61.961	61.96	61.961	61.96	2.0
1573602300000	62.139	62.179	62.179	62.139	37.04764583
1573602720000	62.322	62.322	62.322	62.322	3.0
1573603260000	62.437	62.437	62.437	62.437	0.15
1573603680000	62.195	62.195	62.195	62.195	0.42623464
1573604520000	62.295	62.295	62.295	62.295	3.0
1573608420000	61.974	61.974	61.974	61.974	3.4e-07
1573610100000	61.999	61.999	61.999	61.999	0.89382049
1573610640000	62.019	62.019	62.019	62.019	0.15
1573611120000	62.154	62.154	62.154	62.154	0.1
1573611300000	62.14	62.14	62.14	62.14	13.17988226
1573612020000	62.298	62.298	62.298	62.298	13.79650801
1573612200000	62.194	62.194	62.194	62.194	1.014
1573612500000	62.382	62.382	62.382	62.382	12.1583341
1573612560000	62.437	62.437	62.438	62.437	78.88591341
1573612980000	62.437	62.437	62.437	62.437	26.895969739999998
1573613460000	62.438	62.438	62.438	62.438	12.751292770000001
1573613640000	62.821	62.821	62.821	62.821	0.5
1573613700000	62.82	62.82	62.82	62.82	4.73104281
1573613820000	62.82	62.82	62.82	62.82	0.1
1573613940000	62.743	62.743	62.743	62.743	0.1
1573614420000	62.703	62.703	62.703	62.703	0.23899811
1573614900000	62.664	62.649	62.664	62.648	10.8322721
1573614960000	62.628	62.628	62.628	62.628	15.01389023
1573615020000	62.714	62.714	62.714	62.714	0.07347373
1573615260000	63.058	63.309	63.309	63.058	28.69777213
1573616100000	63.382	63.448	63.448	63.382	12.4
1573616220000	63.51	63.517	63.517	63.51	5.2
1573616280000	63.516	63.516	63.516	63.516	0.2
1573616580000	63.33	63.33	63.33	63.33	0.08925763
1573616640000	63.491	63.491	63.491	63.491	3.79889197
1573616880000	63.515	63.586	63.586	63.515	8.21500253
1573617120000	63.585	63.638	63.638	63.585	4.5576055
1573617180000	63.654	63.679	63.68	63.654	9.0296
1573617360000	63.677	63.71	63.71	63.677	81.55414511000001
1573617420000	63.709	63.71	63.71	63.709	20.74257599
1573617600000	63.764	63.857	63.857	63.764	5.0
1573617780000	63.82	63.82	63.82	63.82	0.2
1573618080000	63.833	63.857	63.857	63.833	1.64434811
1573618740000	63.857	63.857	63.857	63.857	0.1
1573618980000	63.844	63.844	63.844	63.844	0.23782999
1573619040000	63.857	64.035	64.035	63.857	21.36426991
1573619100000	64.096	64.528	65.027	64.096	355.40906084
1573619160000	64.601	64.363	64.777	64.363	86.91233088999999
1573619220000	64.618	64.618	64.618	64.618	0.1
1573619280000	64.406	64.545	64.556	64.311	96.03885184
1573619340000	64.258	64.257	64.258	64.257	10.0
1573620000000	63.425	63.406	63.425	63.406	13.46720464
1573620060000	63.181	63.181	63.181	63.181	0.43039792
1573620300000	63.19	63.191	63.191	63.19	10.35865312
1573620480000	63.134	63.117	63.134	63.117	6.57840322
1573620780000	63.067	63.067	63.067	63.067	0.07236566
1573620840000	63.067	63.051	63.067	63.051	5.0
1573621380000	63.068	63.068	63.068	63.068	1.53600773
1573621440000	63.084	63.084	63.084	63.084	16.02
1573621500000	63.097	63.097	63.097	63.097	2.75765884
1573621740000	63.144	63.144	63.144	63.144	2.75820695
1573622700000	63.096	63.094	63.096	63.094	7.20510804
1573623240000	63.255	63.256	63.256	63.255	5.0
1573623420000	63.095	63.095	63.095	63.095	0.08691261
1573624620000	63.096	63.096	63.096	63.096	2.41489772
1573624680000	63.229	63.229	63.229	63.229	0.9181
1573624980000	63.235	63.235	63.235	63.235	0.25
1573625280000	63.056	63.056	63.056	63.056	1.0
1573625400000	63.05	63.05	63.05	63.05	0.23
1573627980000	63.092	63.092	63.092	63.092	0.1
1573629480000	63.231	63.231	63.231	63.231	0.25
1573630500000	63.462	63.463	63.463	63.462	10.0
1573630860000	63.477	63.477	63.477	63.477	6.0
1573631940000	63.446	63.446	63.446	63.446	1.25344
1573632000000	63.492	63.492	63.492	63.492	2.50688
1573632120000	63.495	63.495	63.495	63.495	0.158
1573632300000	63.561	63.561	63.561	63.561	0.157
1573632360000	63.431	63.431	63.431	63.431	0.25
1573632480000	63.637	63.637	63.637	63.637	0.158
1573632660000	63.685	63.685	63.685	63.685	0.157
1573632840000	63.685	63.745	63.745	63.685	0.157
1573632900000	63.541	63.554	63.554	63.541	16.52449486
1573632960000	63.518	63.518	63.518	63.518	2.73584905
1573633020000	63.518	63.564	63.564	63.518	18.32744052
1573633080000	63.568	63.584	63.584	63.568	9.683705400000001
1573633140000	63.558	63.54	63.558	63.54	9.1642026
1573633200000	63.542	63.746	63.746	63.542	0.37351784
1573633380000	63.746	63.749	63.749	63.746	0.157
1573633620000	63.749	63.772	63.772	63.749	0.158
1573633680000	63.833	63.833	63.833	63.833	1.0
1573633800000	63.859	63.859	63.859	63.859	0.157
1573634040000	63.892	63.892	63.892	63.892	0.157
1573634220000	63.94	64.085	64.085	63.94	8.157
1573634280000	64.03	64.03	64.03	64.03	0.156
1573634520000	64.086	64.086	64.086	64.086	0.156
1573634580000	64.027	64.027	64.027	64.027	0.08109937
1573634700000	64.037	64.037	64.037	64.037	0.156
1573634940000	64.076	64.076	64.076	64.076	0.156
1573635120000	64.032	64.032	64.032	64.032	0.156
1573635300000	64.028	64.028	64.028	64.028	0.156
1573635480000	64.038	64.038	64.038	64.038	0.156
1573635720000	64.034	64.034	64.034	64.034	0.156
1573636560000	63.847	63.847	63.847	63.847	1.0
1573636680000	63.691	63.691	63.691	63.691	1.405
1573636800000	63.671	63.671	63.671	63.671	4.38032948
1573637640000	63.809	63.81	63.81	63.809	8.0
1573637820000	63.786	63.843	63.843	63.786	1.0
1573638420000	63.844	63.844	63.844	63.844	5.0
1573638780000	64.077	64.136	64.136	64.077	5.157
1573638960000	63.98	63.941	63.98	63.941	10.0
1573639020000	63.952	63.95	63.952	63.95	42.6
1573639260000	64.118	64.118	64.118	64.118	2.0
1573639560000	64.118	64.118	64.118	64.118	0.09659626
1573639800000	64.154	64.15	64.154	64.15	16.0
1573639920000	64.153	64.153	64.153	64.153	0.25
1573639980000	64.21	64.21	64.21	64.21	0.156
1573640160000	64.174	64.174	64.174	64.174	0.25
1573640220000	64.209	64.209	64.209	64.209	0.156
1573640460000	64.209	64.157	64.302	64.157	40.0
1573640880000	64.12	64.12	64.12	64.12	0.06304045
1573641120000	64.187	64.187	64.187	64.187	9.0
1573641180000	64.359	64.36	64.36	64.359	4.5063889999999995
1573641300000	64.302	64.302	64.302	64.302	2.31400615
1573641540000	64.3	64.3	64.3	64.3	15.009145239999999
1573641840000	64.197	64.183	64.197	64.183	11.2
1573642080000	64.408	64.409	64.409	64.408	8.164568
1573642380000	64.41	64.41	64.41	64.41	0.156
1573642980000	64.43	64.43	64.43	64.43	10.77441568
1573643280000	64.43	64.41	64.43	64.41	100.00039206999999
1573643340000	64.411	64.41	64.411	64.41	13.150542470000001
1573643640000	64.41	64.41	64.41	64.41	30.07318152
1573643700000	64.41	64.41	64.41	64.41	0.11
1573644000000	64.41	64.41	64.41	64.41	0.156
1573644300000	64.41	64.279	64.41	64.279	96.64811729
1573644600000	63.957	63.95	63.957	63.95	14.7842757
1573644660000	63.644	63.644	63.644	63.644	0.25
1573644720000	63.843	63.843	63.843	63.843	0.2
1573644840000	63.621	63.621	63.621	63.621	0.08161404
1573645200000	63.661	63.684	63.684	63.661	4.62615537
1573645680000	63.648	63.648	63.648	63.648	9.0
1573645920000	63.57	63.57	63.57	63.57	1.1
1573646040000	63.659	63.659	63.659	63.659	0.07669813
1573646880000	63.549	63.549	63.549	63.549	0.41587139
1573646940000	63.444	63.444	63.444	63.444	0.06144926
1573648620000	64.439	64.439	64.439	64.439	0.1
1573649700000	64.133	64.133	64.133	64.133	6.280829
1573650840000	64.019	64.019	64.019	64.019	1.0
1573650900000	64.0	64.0	64.0	64.0	11.15166482
1573651620000	64.0	64.0	64.0	64.0	71.72258618
1573651920000	63.693	63.693	63.693	63.693	0.1
1573653240000	63.721	63.721	63.721	63.721	0.12906026
1573653420000	63.958	63.958	63.958	63.958	3.90881515
1573653720000	63.962	63.964	63.964	63.962	2.421133
1573654560000	63.522	63.522	63.522	63.522	1.0
1573654680000	63.522	63.522	63.522	63.522	3.051
1573656420000	63.574	63.574	63.574	63.574	1.0
1573656480000	63.574	63.574	63.574	63.574	1.74368769
1573656720000	63.638	63.638	63.638	63.638	3.0
1573656960000	63.478	63.471	63.478	63.471	1.31241428
1573658640000	63.565	63.565	63.565	63.565	0.06422224
1573658820000	63.651	63.651	63.651	63.651	0.4336
1573659120000	63.699	63.699	63.699	63.699	9.0
1573660380000	63.577	63.577	63.577	63.577	3.90885459
1573660500000	63.595	63.595	63.595	63.595	1.38
1573660620000	63.595	63.595	63.595	63.595	3.93112666
1573660740000	63.57	63.57	63.57	63.57	2.661683
1573662180000	64.0	64.0	64.0	64.0	17.32760095
1573663560000	64.11	64.11	64.11	64.11	5.0
1573664760000	64.16	64.215	64.417	64.16	254.8020903
1573665000000	64.267	64.257	64.267	64.257	15.00029999
1573665540000	64.301	64.301	64.301	64.301	3.88796441
1573665600000	64.397	64.397	64.397	64.397	0.4336
1573665960000	64.36	64.357	64.36	64.357	7.5
1573666080000	64.264	64.264	64.264	64.264	0.295
1573666500000	64.186	64.191	64.191	64.186	1.91510361
1573667340000	64.401	64.401	64.401	64.401	3.88192729
1573667460000	64.408	64.408	64.408	64.408	3.57143469
1573667580000	64.431	64.416	64.431	64.416	5.24661981
1573667640000	64.232	64.179	64.232	64.179	50.0
1573667880000	64.37	64.37	64.37	64.37	3.0
1573667940000	64.371	64.371	64.371	64.371	0.1
1573668240000	64.427	64.428	64.428	64.427	3.2
1573669080000	64.426	64.426	64.426	64.426	3.88042094
1573669260000	64.298	64.298	64.298	64.298	7.0
1573669800000	64.395	64.395	64.395	64.395	12.0
1573669860000	64.429	64.446	64.449	64.429	8.2695
1573669920000	64.516	64.516	64.516	64.516	1.777912
1573670820000	64.349	64.349	64.349	64.349	0.5
1573671000000	64.347	64.347	64.347	64.347	5.0
1573671420000	64.282	64.282	64.282	64.282	1.0
1573673400000	64.399	64.399	64.399	64.399	0.5805
1573673460000	64.399	64.399	64.399	64.399	5.0
1573673580000	64.399	64.399	64.399	64.399	2.65
1573673700000	64.4	64.4	64.4	64.4	1.0
1573673940000	64.4	64.4	64.4	64.4	47.0
1573674180000	64.52	64.52	64.52	64.52	1.998
1573676040000	64.63	64.662	64.663	64.63	15.0
1573676100000	64.674	64.674	64.674	64.674	1.577
1573676280000	64.674	64.674	64.674	64.674	0.00013782
1573676340000	64.76	64.76	64.76	64.76	11.0
1573676400000	64.757	64.757	64.757	64.757	0.5
1573676640000	64.79	64.79	64.79	64.79	0.226
1573676880000	64.99	65.007	65.113	64.99	48.91019375
1573677000000	65.008	64.977	65.008	64.977	59.192813099999995
1573677060000	64.896	64.906	64.93	64.758	65.1
1573677240000	64.902	64.902	64.902	64.902	1.0
1573677480000	64.81	64.81	64.81	64.81	11.620000000000001
1573677540000	64.81	64.81	64.81	64.81	10.03909541
1573678200000	64.801	64.801	64.801	64.801	0.4004
1573678560000	64.809	64.809	64.809	64.809	0.25123989
1573679040000	64.821	64.821	64.821	64.821	0.5
1573679820000	64.865	64.926	64.926	64.865	10.0
1573680000000	64.818	64.818	64.818	64.818	2.0
1573680660000	64.949	64.949	64.949	64.949	0.09800002
1573680780000	64.95	64.95	64.95	64.95	10.0
1573681200000	65.169	65.316	65.316	65.169	0.45280095
1573681320000	65.388	65.447	65.447	65.388	3.22638472
1573681440000	65.465	65.465	65.465	65.465	1.0
1573681560000	65.555	65.555	65.555	65.555	1.90078518
1573682040000	65.478	65.476	65.478	65.476	11.77680813
1573682820000	65.508	65.508	65.508	65.508	6.54577972
1573682880000	65.478	65.477	65.481	65.477	25.45838732
1573682940000	65.471	65.486	65.487	65.471	53.32259886000001
1573683180000	65.505	65.505	65.505	65.505	10.0
1573683540000	65.516	65.516	65.516	65.516	1.60730155
1573683660000	65.517	65.518	65.518	65.517	10.06479689
1573683720000	65.55	65.55	65.55	65.55	1.5
1573684200000	65.484	65.484	65.484	65.484	1.47720345
1573684440000	65.459	65.459	65.459	65.459	1.47823005
1573684500000	65.46	65.441	65.46	65.441	2.97821876
1573684620000	65.414	65.414	65.414	65.414	1.47922417
1573684680000	65.399	65.399	65.399	65.399	9.11712459
1573684860000	65.368	65.323	65.368	65.323	93.80790587
1573685100000	65.395	65.395	65.395	65.394	12.0
1573685160000	65.395	65.395	65.395	65.395	1.0
1573685280000	65.32	65.305	65.32	65.25	68.7004581
1573685460000	65.003	65.003	65.003	65.003	0.153
1573685640000	64.891	64.891	64.891	64.891	0.154
1573685760000	64.668	64.645	64.668	64.645	5.0
1573685820000	64.808	64.808	64.808	64.808	0.155
1573685940000	64.805	64.805	64.805	64.805	9.0
1573686000000	64.821	65.05	65.05	64.809	20.154
1573686120000	64.996	64.996	64.996	64.996	9.0
1573686180000	65.313	65.313	65.313	65.313	9.0
1573686360000	65.376	65.376	65.376	65.376	3.92415818
1573686420000	65.238	65.238	65.238	65.238	0.1
1573686840000	65.335	65.335	65.335	65.335	17.99920023
1573686960000	65.416	65.6	65.6	65.416	62.0
1573687080000	65.31	65.31	65.31	65.31	5.5
1573688400000	65.242	65.242	65.242	65.242	9.0
1573689060000	65.216	65.216	65.216	65.216	1.0
1573689240000	65.291	65.291	65.291	65.291	13.886
1573689300000	65.291	65.349	65.349	65.291	0.217772
1573689360000	65.349	65.434	65.434	65.349	30.0001
1573689960000	65.589	65.589	65.589	65.589	1.0
1573692660000	65.547	65.547	65.547	65.547	10.0
1573692720000	65.547	65.547	65.547	65.547	10.0
1573692780000	65.547	65.546	65.547	65.546	18.49718
1573692900000	65.554	65.554	65.554	65.554	5.0
1573693140000	65.517	65.514	65.517	65.514	11.23498215
1573695060000	65.555	65.555	65.555	65.555	0.3
1573695180000	65.561	65.489	65.561	65.489	0.12
1573695300000	65.499	65.496	65.499	65.496	10.0
1573695360000	65.481	65.6	65.6	65.481	250.06
1573695420000	65.484	65.484	65.484	65.484	0.06
1573695540000	65.48	65.48	65.48	65.48	0.12
1573695600000	65.48	65.434	65.48	65.434	1.06
1573695660000	65.433	65.356	65.433	65.356	0.18
1573695780000	65.237	65.237	65.237	65.237	0.06
1573695900000	65.168	65.168	65.168	65.168	0.06
1573695960000	65.168	65.168	65.168	65.168	0.06
1573696020000	65.167	65.167	65.167	65.167	0.06
1573696140000	65.167	65.167	65.167	65.167	0.12
1573696500000	65.167	65.167	65.167	65.167	0.06
1573696560000	65.168	65.168	65.168	65.168	1.0
1573696620000	65.167	65.167	65.167	65.167	0.06
1573696680000	65.293	65.293	65.293	65.293	2.08
1573696740000	65.167	65.027	65.167	65.027	0.18
1573696800000	64.958	64.962	64.962	64.957	2.12
1573696860000	64.962	64.962	64.962	64.962	0.18
1573696920000	64.962	64.962	64.962	64.962	0.24246005999999998
1573696980000	64.961	64.961	64.961	64.961	0.06
1573697040000	64.962	64.962	64.962	64.962	0.06
1573697100000	64.962	64.962	64.962	64.962	0.12
1573697160000	64.962	64.962	64.962	64.962	0.18
1573697340000	64.961	64.961	64.961	64.961	0.06
1573697580000	65.034	65.031	65.034	65.031	40.0
1573697640000	65.017	65.017	65.017	65.017	1.5
1573697820000	65.099	65.1	65.1	65.099	3.0202073400000002
1573697880000	65.094	65.029	65.095	65.029	4.18815558
1573697940000	65.027	65.027	65.027	65.027	2.28718366
1573698000000	65.007	64.998	65.007	64.998	0.12
1573698480000	64.955	64.954	64.955	64.954	6.06
1573698540000	64.932	64.923	64.932	64.919	8.06
1573698660000	64.913	64.904	64.913	64.904	0.18
1573698780000	64.903	64.899	64.903	64.899	0.12
1573698960000	64.873	64.824	64.873	64.824	1.9000000000000001
1573699500000	64.995	64.83	65.031	64.83	17.84
1573699620000	65.02	65.02	65.02	65.02	1.0
1573699740000	64.834	64.874	64.874	64.829	3.16
1573699800000	64.874	64.828	64.874	64.828	9.0
1573699860000	64.814	64.814	64.814	64.814	0.06
1573700100000	64.814	64.813	64.814	64.813	7.0
1573700820000	64.953	64.993	64.993	64.953	12.04364323
1573702500000	65.014	65.014	65.014	65.014	10.0
1573702560000	65.166	65.166	65.166	65.166	1.0
1573702800000	65.12	65.12	65.12	65.12	3.0
1573704540000	64.929	64.929	64.929	64.929	0.25
1573705380000	65.128	65.128	65.128	65.128	5.23844742
1573705620000	64.999	64.999	64.999	64.999	5.0
1573705800000	64.658	64.658	64.658	64.658	0.21482919
1573705860000	64.657	64.657	64.657	64.657	0.06
1573705920000	64.58	64.58	64.58	64.58	0.1
1573706100000	64.553	64.553	64.553	64.553	0.06
1573706160000	64.553	64.553	64.553	64.553	0.06
1573706340000	64.69	64.688	64.69	64.688	0.76359019
1573706460000	64.545	64.545	64.545	64.545	1.0
1573706640000	64.373	64.373	64.373	64.373	0.366
1573706700000	64.392	64.392	64.392	64.392	10.0
1573706820000	64.641	64.825	64.825	64.641	119.28
1573706940000	64.612	64.612	64.612	64.612	3.86005002
1573707120000	64.555	64.555	64.555	64.555	3.86859167
1573707240000	64.562	64.518	64.562	64.518	4.63266671
1573707360000	64.46	64.46	64.46	64.46	1.26001
1573708560000	64.333	64.333	64.333	64.333	3.0
1573709400000	64.358	64.358	64.358	64.358	0.25
1573710300000	64.356	64.356	64.356	64.356	9.94778323
1573710360000	64.48	64.48	64.48	64.48	0.5
1573711440000	64.647	64.647	64.647	64.647	0.5
1573711860000	64.907	64.793	64.907	64.79	100.00049998
1573712220000	64.79	64.79	64.79	64.79	1e-08
1573712520000	64.298	64.296	64.298	64.296	10.0
1573714500000	64.87	64.869	64.87	64.868	208.06897231
1573716180000	64.399	64.425	64.426	64.399	8.07122931
1573717740000	64.227	64.227	64.227	64.227	1.98730504
1573718100000	64.382	64.381	64.382	64.381	9.0
1573718160000	64.247	64.247	64.247	64.247	0.154
1573718400000	64.286	64.286	64.286	64.286	0.06
1573718520000	64.053	64.0	64.053	63.985	280.154
1573718640000	64.16	64.16	64.16	64.16	0.46926464
1573718700000	64.16	64.172	64.173	64.16	12.0115378
1573718820000	64.172	64.309	64.309	64.172	50.02411766
1573718940000	64.539	64.54	64.54	64.539	3.87356678
1573719000000	64.611	64.612	64.612	64.611	9.0
1573719120000	64.596	64.596	64.596	64.596	3.87014876
1573719180000	64.449	64.449	64.449	64.449	0.1
1573719240000	64.552	64.553	64.553	64.552	3.8727867000000002
1573719360000	64.558	64.559	64.559	64.558	3.87242677
1573719480000	64.513	64.513	64.513	64.513	1.95990454
1573720200000	64.205	64.219	64.236	64.205	10.112
1573720380000	64.101	64.101	64.101	64.101	0.09105143
1573720980000	64.1	64.101	64.101	64.1	50.449527
1573721280000	64.071	64.071	64.071	64.071	24.79695404
1573722180000	63.873	63.792	63.873	63.792	8.19466667
1573722420000	63.78	63.78	63.78	63.78	0.5
1573722600000	63.77	63.77	63.77	63.77	0.1
1573722840000	63.883	63.883	63.883	63.883	3.0
1573724220000	64.46	64.46	64.46	64.46	2.0
1573724280000	64.371	64.371	64.371	64.371	3.16048337
1573724580000	64.313	64.313	64.313	64.313	0.11132654
1573725060000	64.458	64.48	64.48	64.458	60.010519329999994
1573725840000	64.532	64.532	64.532	64.532	0.06
1573726620000	64.415	64.415	64.415	64.415	0.06
1573726680000	64.464	64.464	64.464	64.464	0.10451707
1573726920000	64.615	64.636	64.636	64.615	15.46899063
1573726980000	64.744	64.746	64.746	64.744	10.0
1573727400000	64.643	64.643	64.643	64.643	1.0
1573728660000	64.217	64.217	64.217	64.217	0.1645
1573730280000	64.128	64.207	64.207	64.128	32.62219904
1573730520000	64.27	64.275	64.275	64.27	15.02311949
1573730880000	64.082	64.0	64.082	64.0	5.24712121
1573731240000	63.906	63.91	63.91	63.906	15.24
1573731420000	63.863	63.863	63.863	63.863	20.5778708
1573731960000	64.25	64.25	64.25	64.25	4.8852983000000005
1573732020000	64.275	64.275	64.275	64.275	4.38131138
1573732140000	64.326	64.344	64.345	64.326	15.01858201
1573732200000	64.413	64.619	64.619	64.413	10.0
1573732320000	64.484	64.483	64.484	64.483	5.564
1573732680000	64.615	64.621	64.621	64.615	4.62782987
1573733040000	64.638	64.744	64.744	64.638	5.065150859999999
1573733160000	64.713	64.713	64.713	64.713	0.154
1573733400000	64.719	64.719	64.719	64.719	1.0
1573733580000	64.719	64.746	64.746	64.719	4.69252557
1573733700000	64.746	64.746	64.746	64.746	7.35053201
1573733760000	64.745	64.745	64.745	64.745	1.996
1573734000000	64.657	64.657	64.657	64.657	1.0
1573734300000	64.414	64.414	64.414	64.414	1.0
1573734420000	64.272	64.205	64.272	64.205	20.686847999999998
1573734480000	64.29	64.29	64.29	64.29	0.5
1573734600000	64.309	64.31	64.31	64.309	4.9015
1573735320000	64.637	64.637	64.637	64.637	0.5
1573735440000	64.416	64.415	64.416	64.415	19.29605143
1573735560000	64.55	64.58	64.58	64.55	50.3911417
1573735800000	64.722	64.722	64.722	64.722	0.5
1573736040000	64.717	64.87	64.87	64.717	32.22333916
1573736220000	64.868	64.87	64.87	64.868	55.6
1573736340000	64.869	64.897	64.897	64.869	24.33380764
1573736700000	64.943	64.943	64.943	64.943	0.25
1573736880000	64.965	65.033	65.033	64.965	5.3039315799999995
1573736940000	65.033	65.034	65.034	65.033	3.9965155899999996
1573737240000	64.86	64.86	64.86	64.86	0.09004278
1573737540000	64.729	64.729	64.729	64.729	0.5
1573737720000	64.676	64.676	64.676	64.676	0.5
1573737780000	64.65	64.65	64.65	64.65	0.25
1573737840000	64.459	64.459	64.459	64.459	0.08529729
1573738080000	64.394	64.394	64.394	64.394	0.15
1573738380000	64.815	64.815	64.815	64.815	0.15
1573738440000	64.871	64.871	64.871	64.871	9.0
1573738500000	64.684	64.684	64.684	64.684	9.0
1573738860000	64.618	64.618	64.618	64.618	9.0
1573739160000	64.998	64.831	65.001	64.803	19.79605143
1573739400000	64.889	64.887	64.889	64.887	9.5
1573739700000	65.075	65.075	65.075	65.075	2.66517547
1573739940000	65.102	65.379	65.379	65.102	16.48504281
1573740000000	65.446	65.448	65.448	65.446	3.39788196
1573740060000	65.516	65.38	65.549	65.38	18.228871090000002
1573740240000	65.393	65.394	65.394	65.393	0.2
1573740300000	65.394	65.396	65.396	65.394	3.35
1573740420000	65.396	65.396	65.396	65.396	9.0
1573740480000	65.263	65.265	65.265	65.263	1.0
1573740660000	65.279	65.247	65.279	65.247	40.0
1573740960000	65.245	65.245	65.245	65.245	5.0
1573741140000	65.251	65.192	65.251	65.192	60.605
1573741260000	64.869	64.869	64.869	64.869	5.0
1573741440000	65.12	65.03	65.12	65.03	0.22488460999999998
1573741800000	65.2	65.2	65.2	65.2	0.1
1573742040000	65.416	65.417	65.417	65.416	2.0
1573742100000	65.312	65.312	65.312	65.312	0.38
1573742280000	65.309	65.31	65.31	65.309	5.5
1573742340000	65.297	65.276	65.297	65.275	15.5
1573742460000	65.186	65.183	65.186	65.181	10.0
1573742520000	65.192	65.195	65.199	65.192	5.56
1573742580000	65.199	65.199	65.199	65.199	2.95796789
1573742640000	65.199	65.199	65.199	65.199	0.15
1573742700000	65.229	65.229	65.229	65.229	5.5
1573742760000	65.2	65.2	65.2	65.2	5.0
1573742820000	65.2	65.2	65.2	65.2	3.0
1573743000000	65.2	65.2	65.2	65.2	0.1
1573743180000	65.2	65.2	65.2	65.2	21.9
1573743300000	65.424	65.424	65.424	65.424	0.1
1573743480000	65.293	65.293	65.293	65.293	10.0
1573743960000	65.073	65.073	65.073	65.073	3.83698986
1573744140000	65.005	65.005	65.005	65.005	0.07632312
1573744260000	64.94	64.894	64.94	64.89	10.0
1573744440000	65.057	65.057	65.057	65.057	1.5
1573744500000	65.079	65.079	65.079	65.079	1.0
1573744680000	65.077	65.077	65.077	65.077	1.0
1573744800000	65.05	65.05	65.05	65.05	0.65
1573747200000	65.104	65.106	65.106	65.104	50.0
1573747920000	65.181	65.182	65.182	65.181	10.0
1573748400000	65.274	65.207	65.274	65.207	3.15
1573748460000	65.207	65.207	65.207	65.207	1.1
1573748760000	65.343	65.343	65.343	65.343	0.15
1573749000000	65.289	65.289	65.289	65.289	0.13510142
1573749540000	65.458	65.459	65.459	65.458	6.1
1573749660000	65.459	65.459	65.459	65.459	5.0
1573750200000	65.376	65.376	65.376	65.376	0.12372177
1573750320000	65.401	65.401	65.401	65.401	0.5
1573750380000	65.459	65.459	65.459	65.459	4.0
1573750500000	65.401	65.401	65.401	65.401	0.08339572
1573750800000	65.459	65.459	65.459	65.459	5.0
1573750860000	65.459	65.459	65.459	65.459	5.40911804
1573751040000	65.442	65.442	65.442	65.442	0.15
1573751400000	65.459	65.459	65.459	65.459	6.32142436
1573751700000	65.548	65.548	65.548	65.548	1.0
1573751760000	65.487	65.495	65.495	65.487	3.0
1573751880000	65.472	65.472	65.472	65.472	5.0
1573752240000	65.538	65.567	65.567	65.538	0.5
1573752300000	65.564	65.564	65.564	65.564	0.1
1573754400000	65.415	65.414	65.415	65.414	10.0
1573754700000	65.337	65.337	65.337	65.337	5.0
1573754760000	65.337	65.328	65.337	65.328	5.0
1573754880000	65.322	65.302	65.322	65.302	91.06051740000001
1573754940000	65.227	65.182	65.227	65.182	40.0
1573755420000	65.393	65.397	65.397	65.393	18.30862252
1573755660000	65.256	65.254	65.256	65.254	11.17475756
1573755900000	65.301	65.301	65.301	65.301	0.2
1573755960000	65.15	65.132	65.15	65.132	71.75321639
1573756020000	65.114	65.114	65.114	65.114	0.1006
1573756080000	65.11	65.11	65.11	65.11	7.31435385
1573756560000	65.134	65.13	65.134	65.13	29.976
1573756680000	65.135	65.135	65.135	65.135	0.5
1573757340000	65.263	65.267	65.267	65.263	10.0
1573757400000	65.264	65.264	65.264	65.264	5.0
1573758180000	65.227	65.227	65.227	65.227	5.0
1573758300000	65.312	65.179	65.312	65.179	0.24546511
1573758360000	65.189	65.189	65.189	65.189	0.18319231
1573760280000	65.297	65.329	65.329	65.297	17.516136
1573761000000	65.37	65.371	65.371	65.37	0.20428692999999998
1573761600000	65.49	65.49	65.49	65.49	5.0
1573761660000	65.585	65.586	65.586	65.585	1.0
1573761780000	65.586	65.586	65.586	65.586	0.5
1573761900000	65.539	65.54	65.54	65.539	1.13887763
1573762080000	65.586	65.569	65.64	65.569	2.98485625
1573762560000	65.571	65.571	65.571	65.571	9.0
1573762680000	65.484	65.362	65.484	65.362	120.0
1573763400000	65.44	65.44	65.44	65.44	9.0
1573763760000	65.477	65.478	65.478	65.477	2.5
1573764480000	65.314	65.314	65.314	65.314	1.1799
1573768020000	65.382	65.252	65.383	65.252	17.393313589999998
1573768080000	65.268	65.268	65.268	65.268	1.0
1573768140000	65.268	65.268	65.268	65.268	0.5
1573768200000	65.268	65.268	65.268	65.268	2.99
1573768260000	65.269	65.25	65.269	65.25	2.65
1573769160000	65.31	65.31	65.31	65.31	5.89324649
1573769340000	65.335	65.336	65.336	65.335	9.1
1573771440000	65.257	65.211	65.257	65.211	15.0
1573771500000	65.319	65.188	65.319	65.188	10.86293998
1573771800000	65.262	65.262	65.262	65.262	2.5
1573771860000	65.135	65.135	65.135	65.135	2.5
1573771980000	65.122	65.119	65.122	65.119	14.0853702
1573772220000	65.093	65.093	65.093	65.093	0.18144772
1573772400000	65.233	65.236	65.236	65.233	10.0
1573773120000	65.296	65.296	65.296	65.296	10.0
1573774020000	65.167	65.167	65.167	65.167	0.2
1573774740000	65.287	65.287	65.287	65.287	1.0
1573774860000	65.287	65.287	65.287	65.287	3.2
1573775040000	65.134	65.107	65.134	65.107	20.0
1573775280000	65.113	65.113	65.113	65.113	13.192125619999999
1573775940000	65.025	64.983	65.025	64.983	16.0
1573776300000	65.081	65.081	65.081	65.081	0.30727
1573779660000	64.812	64.813	64.813	64.812	2.5
1573780020000	64.784	64.784	64.784	64.784	0.1
1573780080000	64.801	64.781	64.801	64.781	0.60873
1573780260000	64.819	64.819	64.819	64.819	15.35043
1573781040000	64.689	64.653	64.839	64.653	80.06311009000001
1573781160000	64.584	64.584	64.584	64.584	4.0
1573781340000	64.698	64.698	64.698	64.698	5.0
1573781400000	64.712	64.713	64.713	64.712	5.0
1573781940000	64.584	64.583	64.584	64.583	11.0
1573782840000	64.471	64.385	64.471	64.38	29.855909360000002
1573782960000	64.401	64.401	64.401	64.401	14.57288
1573783140000	64.401	64.181	64.402	64.18	66.84046235
1573783200000	64.18	64.136	64.18	64.027	18.73831153
1573783980000	64.241	64.241	64.241	64.241	0.5
1573784040000	64.32	64.32	64.32	64.32	0.5
1573784280000	64.429	64.43	64.43	64.429	5.0
1573784520000	64.268	64.267	64.268	64.267	5.0
1573785180000	64.584	64.861	64.861	64.584	15.5
1573785240000	64.972	65.021	65.021	64.972	1.0
1573785300000	64.992	64.992	64.992	64.992	0.5
1573785540000	64.958	64.958	64.958	64.958	0.25
1573785660000	65.032	65.032	65.032	65.032	0.25
1573785840000	65.285	65.285	65.285	65.285	0.1
1573786260000	65.311	65.311	65.311	65.311	0.25
1573786320000	65.273	65.273	65.273	65.273	0.25
1573786500000	65.022	65.022	65.022	65.022	0.15
1573786620000	65.073	65.073	65.073	65.073	0.1
1573786980000	65.213	65.213	65.213	65.213	0.15
1573787040000	65.265	65.265	65.265	65.265	0.2
1573787580000	65.153	65.153	65.153	65.153	3.86
1573788360000	65.249	65.249	65.249	65.249	0.15
1573788540000	64.763	64.763	64.763	64.763	5.5
1573788600000	64.789	64.757	64.789	64.728	10.6
1573788660000	64.762	64.713	64.762	64.707	39.9
1573788840000	64.689	64.707	64.707	64.689	1.24809235
1573788900000	64.759	64.759	64.759	64.759	0.533
1573789020000	64.758	64.758	64.758	64.758	0.263438
1573789080000	64.758	64.86	64.86	64.758	8.443979800000001
1573790100000	64.862	65.23	65.23	64.862	10.80076957
1573790160000	65.229	65.229	65.229	65.229	3.26516
1573790280000	65.151	65.151	65.151	65.151	2.93771
1573790640000	65.163	65.236	65.311	65.163	252.21170806
1573790700000	65.057	65.057	65.057	65.057	0.08059126
1573791540000	64.871	64.871	64.871	64.871	0.2
1573791720000	64.956	64.956	64.956	64.956	0.1
1573792080000	64.863	64.866	64.867	64.862	5.37576277
1573792200000	64.855	64.857	64.857	64.855	0.45684985
1573792260000	64.814	64.667	64.814	64.667	11.54650435
1573792380000	64.688	64.688	64.688	64.688	3.09176
1573792800000	64.705	64.705	64.705	64.705	3.22818087
1573794900000	64.734	64.734	64.734	64.734	0.06426659
1573797660000	64.506	64.35	64.506	64.35	11.86670154
1573797720000	64.351	64.2	64.351	64.2	27.98817432
1573797780000	64.2	64.2	64.2	64.2	218.04465262000002
1573797900000	64.574	64.58	64.581	64.574	38.68551458
1573801560000	64.816	64.816	64.816	64.816	0.77
1573802700000	64.878	64.878	64.878	64.878	2.17739168
1573803060000	64.841	64.84	64.841	64.84	9.98
1573804620000	64.451	64.399	64.451	64.399	32.57804723
1573804860000	64.352	64.305	64.352	64.305	40.0
1573805280000	64.448	64.45	64.45	64.448	2.2
1573806660000	64.726	64.72	64.726	64.719	5.563001
1573806720000	64.716	64.716	64.716	64.716	0.001
1573806840000	64.611	64.611	64.611	64.611	0.4098
1573806960000	64.806	64.806	64.806	64.806	1.003734
1573808100000	64.854	64.854	64.854	64.854	6.60812848
1573808340000	65.02	65.02	65.02	65.02	9.0
1573808400000	65.18	65.18	65.18	65.18	9.0
1573808460000	65.311	66.264	66.264	65.311	360.85949563
1573808520000	66.1	65.825	66.102	65.793	29.388047999999998
1573808580000	65.793	65.794	65.794	65.792	10.61988043
1573808700000	65.676	65.57	65.79	65.57	9.238632
1573808760000	65.66	65.66	65.66	65.66	9.117748
1573809600000	65.103	65.103	65.103	65.103	9.0
1573809840000	64.867	64.867	64.867	64.867	0.76646372
1573809900000	65.041	65.041	65.041	65.041	9.0
1573809960000	65.086	65.086	65.086	65.086	0.5
1573810140000	65.2	65.2	65.2	65.2	0.38
1573810260000	65.032	65.032	65.032	65.032	0.10215704
1573810380000	65.001	65.0	65.001	65.0	2.90746222
1573810620000	64.897	64.793	64.897	64.793	3.35423197
1573810740000	64.869	64.869	64.869	64.869	0.2
1573811340000	64.848	64.848	64.848	64.848	1.9962153
1573811760000	64.721	64.717	64.721	64.717	8.0
1573811820000	64.695	64.695	64.695	64.695	8.0
1573812120000	64.778	64.779	64.779	64.778	10.0
1573812300000	64.741	64.741	64.741	64.74	12.01348084
1573812480000	64.728	64.728	64.728	64.728	8.0
1573813080000	64.69	64.674	64.69	64.674	3.49136872
1573813200000	64.65	64.65	64.65	64.65	2.04677273
1573813320000	64.799	64.8	64.8	64.799	26.70050183
1573813500000	64.996	64.997	64.997	64.996	6.98102071
1573814340000	64.919	64.919	64.919	64.919	2.02434781
1573814880000	65.0	65.0	65.0	65.0	10.0
1573814940000	65.17	65.17	65.17	65.17	1.0
1573815120000	65.14	65.14	65.14	65.14	0.5
1573815300000	64.797	64.796	64.797	64.796	6.8500000000000005
1573815420000	64.959	64.963	64.963	64.959	2.67677482
1573815600000	64.963	64.963	64.963	64.963	0.5
1573815720000	64.902	64.902	64.902	64.902	0.5
1573817040000	64.794	64.798	64.798	64.794	10.0
1573817100000	64.699	64.698	64.699	64.698	20.0
1573817160000	64.697	64.696	64.697	64.696	20.0
1573817220000	64.695	64.695	64.695	64.695	2.7382543000000004
1573817280000	64.724	64.729	64.729	64.724	20.0
1573817460000	64.615	64.618	64.618	64.615	9.0
1573817760000	64.687	64.712	64.712	64.687	16.0
1573818660000	64.587	64.587	64.587	64.587	0.11308316
1573818960000	64.587	64.587	64.587	64.587	0.08196828
1573819020000	64.587	64.587	64.587	64.587	2.1241203
1573819140000	64.5	64.379	64.5	64.379	91.19086584
1573819200000	64.379	64.379	64.379	64.379	3.88019122
1573819320000	64.313	64.313	64.313	64.313	10.53523833
1573819500000	64.314	64.314	64.314	64.314	0.46589826
1573820400000	64.386	64.385	64.386	64.385	21.03
1573820760000	64.4	64.4	64.4	64.4	0.12389154
1573821480000	64.481	64.506	64.506	64.481	7.36024034
1573821660000	64.549	64.549	64.549	64.549	9.0
1573822440000	64.61	64.7	64.783	64.61	10.38
1573822500000	64.719	64.719	64.719	64.719	9.0
1573822560000	64.72	64.759	64.759	64.72	20.09961038
1573822620000	64.765	64.773	64.773	64.763	28.52391621
1573822680000	64.774	64.787	64.787	64.774	29.67820599
1573822740000	64.784	64.784	64.784	64.784	3.22
1573822980000	64.779	64.779	64.779	64.779	1.24869383
1573823220000	64.818	64.818	64.818	64.818	0.38
1573823280000	64.841	64.841	64.841	64.841	1.94615465
1573824120000	64.691	64.691	64.691	64.691	0.11197664
1573824240000	64.69	64.714	64.714	64.69	6.55101615
1573824420000	64.655	64.655	64.655	64.655	0.12003091
1573824600000	64.655	64.655	64.655	64.655	0.615
1573824660000	64.655	64.655	64.655	64.655	0.00099312
1573826400000	64.483	64.483	64.483	64.483	2.72923197
1573826820000	64.38	64.38	64.38	64.38	11.0
1573827000000	64.31	64.31	64.31	64.31	0.884
1573827060000	64.31	64.31	64.31	64.276	27.21692685
1573827120000	64.279	64.279	64.279	64.279	0.3
1573827300000	64.3	64.3	64.3	64.3	3.0
1573827360000	64.276	64.07	64.276	64.07	5.0881408
1573827540000	64.069	64.069	64.069	64.069	1.88155886
1573827660000	63.966	63.729	63.966	63.729	25.38478077
1573827840000	63.739	63.669	63.739	63.669	30.0
1573827960000	63.66	63.624	63.66	63.624	8.5
1573828020000	63.624	63.607	63.624	63.607	2.9491620000000003
1573828080000	63.589	63.406	63.589	63.406	26.3971174
1573828140000	63.406	63.345	63.406	63.345	8.55682073
1573828200000	63.345	62.949	63.345	62.949	229.002949
1573828260000	62.933	62.414	62.933	62.414	164.21055843
1573828320000	62.402	62.497	62.497	62.339	14.55718361
1573828380000	62.714	62.796	62.796	62.714	83.4087201
1573828440000	62.888	62.92	62.92	62.888	13.80100558
1573828500000	62.983	63.029	63.029	62.983	102.61422735
1573828620000	62.768	62.768	62.768	62.768	0.09330695
1573828800000	62.76	62.932	62.932	62.76	33.98292123
1573828920000	62.731	62.731	62.731	62.731	3.97273117
1573829040000	62.707	62.707	62.707	62.707	3.97899092
1573829160000	62.779	62.779	62.779	62.779	3.98571519
1573829220000	62.998	62.998	62.998	62.998	0.5476969700000001
1573829280000	62.944	63.07	63.071	62.944	15.60491695
1573829340000	63.07	63.071	63.071	63.068	14.34394566
1573829400000	63.129	62.837	63.129	62.837	0.6276087
1573829820000	62.851	62.851	62.851	62.851	0.1
1573830000000	62.828	62.575	62.828	62.575	63.5
1573830120000	62.485	62.485	62.485	62.485	0.14610385
1573830240000	62.609	62.606	62.609	62.606	5.0
1573830300000	62.574	62.62	62.621	62.574	5.5
1573830420000	62.732	62.758	62.758	62.732	13.0
1573830540000	62.702	62.759	62.759	62.702	18.47064925
1573830600000	62.881	62.884	62.884	62.881	10.0
1573830780000	63.001	63.001	63.001	63.001	0.39
1573830840000	62.867	62.867	62.867	62.867	0.23853065
1573831920000	62.782	62.782	62.782	62.782	10.0
1573832760000	62.791	62.791	62.791	62.791	0.5
1573833180000	62.949	62.89	62.949	62.89	6.64
1573834440000	62.716	62.743	62.743	62.716	56.4
1573834560000	62.665	62.665	62.665	62.665	4.0
1573835040000	62.783	62.783	62.783	62.783	0.16966
1573835220000	62.659	62.659	62.659	62.659	0.5
1573835820000	63.02	63.141	63.141	63.02	75.0
1573836120000	62.859	62.859	62.859	62.859	0.13805138
1573836900000	62.867	62.868	62.868	62.867	8.5
1573836960000	62.867	62.867	62.867	62.866	23.0470789
1573837140000	63.1	63.1	63.1	63.1	5.28
1573837860000	63.074	63.074	63.074	63.074	0.1
1573840260000	62.929	62.929	62.929	62.929	2.684569
1573841220000	62.702	62.701	62.702	62.701	8.5
1573841580000	62.7	62.701	62.701	62.7	2.865
1573841700000	62.7	62.493	62.7	62.493	22.3775
1573841940000	62.587	62.586	62.587	62.586	10.0
1573842180000	62.661	62.661	62.661	62.661	2.76175959
1573842420000	62.661	62.661	62.661	62.661	15.8465816
1573843620000	62.612	62.612	62.612	62.612	0.16862
1573844160000	62.713	62.713	62.713	62.713	1.0
1573845300000	62.612	62.612	62.612	62.612	1.42147065
1573847220000	62.52	62.519	62.52	62.519	40.50456453
1573847400000	62.562	62.562	62.562	62.562	0.1
1573848660000	62.484	62.484	62.484	62.484	20.0
1573849980000	62.483	62.483	62.483	62.483	0.00079415
1573850280000	62.4	62.4	62.4	62.4	0.06332581
1573850580000	62.4	62.4	62.4	62.4	6.13667419
1573850700000	62.31	62.253	62.31	62.253	10.0
1573850760000	62.252	62.252	62.252	62.252	1.45854827
1573850820000	62.25	62.25	62.25	62.249	17.48891657
1573852140000	62.222	62.222	62.222	62.222	1.0
1573852200000	62.207	62.234	62.234	62.207	7.701700600000001
1573852500000	62.218	62.223	62.223	62.218	6.89012524
1573852740000	62.342	62.342	62.342	62.342	0.1
1573852860000	62.196	62.196	62.196	62.196	0.78495157
1573853340000	62.29	62.29	62.29	62.29	1.2
1573855200000	62.167	62.167	62.167	62.167	0.1
1573857180000	62.164	62.164	62.164	62.164	1.68361582
1573858380000	62.164	62.164	62.164	62.164	0.126
1573859040000	62.163	62.163	62.163	62.163	0.06236212
1573859820000	62.163	62.163	62.163	62.163	1.546
1573861380000	62.163	62.0	62.163	62.0	41.24151071
1573861500000	62.0	62.0	62.0	62.0	88.6926932
1573861560000	62.0	61.913	62.0	61.913	30.0
1573862460000	62.027	62.024	62.027	62.024	0.24
1573862580000	61.974	62.032	62.032	61.974	0.18
1573862820000	61.94	61.937	61.94	61.937	0.6
1573862880000	61.893	61.893	61.893	61.893	0.41505084
1573862940000	61.91	61.816	61.91	61.816	4.5696454300000005
1573863000000	61.87	61.697	61.87	61.671	73.4805
1573863060000	61.794	61.639	61.794	61.639	0.8200000000000001
1573863120000	61.745	61.745	61.745	61.638	0.78
1573863180000	61.745	61.638	61.745	61.638	0.72
1573863240000	61.702	61.868	61.873	61.636	76.18477074
1573864200000	61.637	61.637	61.637	61.637	0.06
1573864440000	61.701	61.701	61.701	61.701	0.93555114
1573865160000	61.674	61.671	61.674	61.671	15.899799999999999
1573865220000	61.76	61.76	61.76	61.76	0.18
1573866420000	61.765	61.765	61.765	61.765	0.06
1573866540000	61.636	61.636	61.636	61.636	0.1
1573867380000	61.636	61.63	61.636	61.63	0.1
1573867560000	61.636	61.635	61.636	61.635	0.54
1573869000000	61.631	61.631	61.631	61.631	5.0
1573869600000	61.751	61.751	61.751	61.751	0.491163
1573870440000	61.7	61.7	61.7	61.7	2.594926
1573870920000	61.63	61.63	61.63	61.63	0.188
1573871220000	61.679	61.679	61.679	61.679	0.18
1573871400000	61.683	61.683	61.683	61.683	0.06
1573871460000	61.668	61.668	61.668	61.668	0.36
1573871580000	61.665	61.665	61.665	61.665	0.12
1573871760000	61.665	61.665	61.665	61.665	0.18
1573871820000	61.665	61.665	61.665	61.665	0.06
1573871880000	61.665	61.665	61.665	61.665	0.24
1573873140000	61.499	61.36	61.499	61.349	75.314
1573873260000	61.378	61.366	61.378	61.366	15.0
1573873620000	61.339	61.339	61.339	61.339	0.12
1573873680000	61.337	61.319	61.337	61.319	0.8999999999999999
1573873740000	61.316	61.336	61.336	61.313	0.36
1573873800000	61.359	61.378	61.38	61.359	0.48
1573873920000	61.365	61.365	61.365	61.365	0.06
1573873980000	61.363	61.351	61.365	61.351	0.18
1573874040000	61.361	61.361	61.361	61.361	0.06
1573874220000	61.329	61.336	61.346	61.329	0.36
1573874280000	61.336	61.336	61.336	61.336	0.06
1573874340000	61.337	61.337	61.337	61.337	0.12
1573874400000	61.336	61.336	61.336	61.336	0.12
1573874760000	61.314	61.314	61.314	61.314	12.33
1573874820000	61.313	61.313	61.313	61.313	16.2282
1573874940000	61.277	61.276	61.277	61.276	1.16468757
1573875000000	61.26	61.26	61.26	61.26	0.18
1573875300000	61.26	61.26	61.26	61.26	0.36
1573875420000	61.259	61.253	61.259	61.253	4.7310567
1573875600000	61.21	61.243	61.243	61.2	0.725748
1573875720000	61.2	61.201	61.257	61.2	0.32
1573875840000	61.29	61.29	61.29	61.29	0.12
1573875960000	61.33	61.33	61.33	61.33	0.06
1573876020000	61.205	61.336	61.336	61.205	27.343999999999998
1573876140000	61.251	61.265	61.336	61.251	56.936
1573876200000	61.337	61.337	61.337	61.337	0.06
1573876260000	61.299	61.299	61.299	61.299	0.06
1573876500000	61.282	61.282	61.282	61.282	0.08781233
1573876740000	61.337	61.337	61.337	61.337	1.39
1573876800000	61.337	61.347	61.347	61.337	1.4915471
1573876920000	61.539	61.539	61.539	61.539	3.153
1573877100000	61.539	61.539	61.539	61.539	0.0012719
1573877220000	61.789	61.79	61.79	61.789	0.09999999999999999
1573880400000	61.633	61.633	61.633	61.633	0.1
1573881420000	61.689	61.689	61.689	61.689	0.1
1573882620000	61.766	61.766	61.766	61.766	0.75
1573883160000	61.767	61.767	61.767	61.767	0.51705
1573883400000	61.768	61.768	61.768	61.768	0.1
1573883460000	61.768	61.768	61.768	61.768	0.1
1573883520000	61.768	61.768	61.768	61.768	8.55844097
1573883820000	61.768	61.879	61.879	61.768	9.828856159999999
1573883880000	61.964	61.961	61.964	61.961	0.2
1573885320000	61.907	61.864	61.907	61.864	2.83508813
1573885980000	61.999	61.999	61.999	61.999	0.5
1573887840000	62.0	62.0	62.0	62.0	0.06
1573888200000	62.052	62.052	62.052	62.052	0.19
1573888560000	62.052	62.052	62.052	62.052	0.1
1573888740000	62.053	62.207	62.207	62.053	13.82554175
1573888800000	62.207	62.36	62.36	62.207	5.4859222800000005
1573890060000	62.335	62.334	62.335	62.334	10.86
1573890300000	62.256	62.256	62.256	62.256	0.07005388
1573890480000	62.32	62.32	62.32	62.32	2.0
1573890540000	62.317	62.317	62.317	62.317	4.387
1573891200000	62.171	62.163	62.171	62.163	0.25347036
1573891560000	62.29	62.29	62.29	62.29	0.1
1573891620000	62.278	62.278	62.278	62.278	0.1
1573891800000	62.176	62.066	62.176	62.066	50.0
1573892880000	62.359	62.359	62.359	62.359	0.1
1573893120000	62.359	62.359	62.359	62.359	6.0
1573893180000	62.358	62.358	62.358	62.358	1.81783811
1573893240000	62.331	62.332	62.332	62.331	6.04042161
1573893660000	62.36	62.36	62.36	62.36	1.209
1573893840000	62.36	62.36	62.36	62.36	0.00087712
1573893960000	62.379	62.414	62.414	62.379	11.00672251
1573895820000	62.23	62.191	62.23	62.191	7.034
1573896480000	62.482	62.729	62.729	62.482	50.0
1573896780000	62.522	62.522	62.522	62.522	0.6
1573898040000	62.413	62.413	62.413	62.413	11.86592127
1573898460000	62.579	62.579	62.579	62.579	0.1
1573899180000	62.759	62.759	62.759	62.759	0.892
1573899300000	62.758	62.758	62.758	62.758	0.3
1573899360000	62.759	62.8	62.8	62.759	0.06
1573899420000	62.8	62.966	62.966	62.8	5.01455923
1573899480000	62.783	62.783	62.783	62.783	0.58
1573900560000	62.65	62.493	62.65	62.493	62.5
1573901280000	62.701	62.7	62.701	62.7	21.23058238
1573901400000	62.501	62.501	62.501	62.501	26.79455681
1573901520000	62.501	62.431	62.501	62.431	52.47374857
1573902300000	62.46	62.43	62.46	62.429	21.385997279999998
1573902720000	62.698	62.699	62.699	62.698	0.8300000000000001
1573902780000	62.572	62.572	62.572	62.572	1.0
1573902900000	62.581	62.572	62.581	62.572	6.71054408
1573902960000	62.431	62.43	62.472	62.43	16.49754521
1573903020000	62.43	62.286	62.43	62.286	14.3634612
1573903080000	62.215	62.214	62.215	62.214	4.36573268
1573903140000	62.157	62.143	62.157	62.143	14.13905384
1573903260000	62.074	62.074	62.074	62.074	1.0
1573903320000	62.074	62.001	62.074	62.001	3.93724929
1573903680000	62.174	62.174	62.174	62.174	2.45055579
1573904040000	62.582	62.582	62.582	62.582	0.1
1573905180000	62.576	62.576	62.576	62.576	1.0
1573906320000	62.655	62.655	62.655	62.655	0.2
1573911120000	62.03	62.03	62.03	62.03	10.85066072
1573911180000	61.93	61.858	61.93	61.858	27.79099588
1573911240000	61.858	61.8	61.858	61.8	18.95130937
1573911480000	61.724	61.724	61.724	61.724	0.1
1573912380000	62.039	62.039	62.039	62.039	1.35848673
1573912800000	61.865	61.865	61.865	61.865	1.67738569
1573912860000	62.024	62.024	62.024	62.024	0.96329717
1573913040000	61.933	61.93	61.933	61.93	3.98
1573914720000	61.774	61.774	61.774	61.774	6.44948517
1573915260000	61.93	61.93	61.93	61.93	25.82682374
1573915380000	62.01	62.021	62.021	62.01	10.90458823
1573915680000	62.001	62.002	62.002	62.001	0.2
1573916220000	62.142	62.142	62.142	62.142	4.60632782
1573916940000	62.267	62.267	62.267	62.267	0.8
1573917420000	62.236	62.236	62.236	62.236	0.06706604
1573917660000	62.352	62.352	62.352	62.352	0.1
1573918260000	62.323	62.323	62.323	62.323	0.38123
1573918620000	62.146	62.232	62.232	62.146	6.31877
1573918680000	62.358	62.358	62.358	62.358	0.07
1573918980000	62.201	62.182	62.201	62.182	11.24244002
1573919280000	62.248	62.248	62.248	62.248	2.90242062
1573920240000	62.048	62.06	62.06	62.048	4.5
1573921800000	62.199	62.369	62.369	62.199	1.6
1573922340000	62.17	62.17	62.17	62.17	0.19
1573924680000	62.2	61.949	62.2	61.949	14.55588937
1573924740000	61.948	61.948	61.948	61.948	31.46134734
1573924860000	61.728	61.726	61.728	61.726	17.76215063
1573925280000	61.737	61.871	61.871	61.737	0.8
1573925400000	61.888	61.869	61.888	61.768	6.537
1573925520000	61.77	61.77	61.77	61.77	0.096799
1573926000000	62.078	62.078	62.078	62.078	0.40444411
1573926660000	62.301	62.301	62.301	62.301	0.15
1573927560000	62.276	62.276	62.276	62.276	0.5
1573927920000	62.248	62.26	62.26	62.248	11.17232846
1573928640000	62.108	62.108	62.108	62.108	0.1
1573932780000	62.056	62.056	62.056	62.056	0.380467
1573935180000	62.002	62.002	62.002	62.002	0.10624825
1573935540000	62.002	61.99	62.002	61.99	18.50546218
1573936260000	61.992	61.992	61.992	61.992	3.16207057
1573936320000	61.99	61.99	61.99	61.99	4.78812827
1573937100000	61.919	61.919	61.919	61.919	0.1
1573938300000	61.749	61.749	61.749	61.749	4.5
1573938360000	61.717	61.613	61.717	61.613	8.66121438
1573938660000	61.46	61.46	61.46	61.46	0.15
1573939380000	61.403	61.399	61.403	61.399	0.25
1573939440000	61.416	61.416	61.416	61.416	0.15
1573939740000	61.493	61.493	61.493	61.493	0.24
1573942560000	61.739	61.739	61.739	61.739	1.94210318
1573943040000	61.739	61.739	61.739	61.739	0.16368986
1573946940000	61.577	61.577	61.577	61.577	0.08342877
1573950000000	61.523	61.523	61.523	61.523	6.0
1573950780000	61.999	61.999	61.999	61.999	0.5
1573953060000	61.808	61.808	61.808	61.808	1.0
1573956060000	61.673	61.7	61.7	61.673	16.9192985
1573956960000	62.096	62.096	62.096	62.096	3.0
1573958160000	61.92	61.92	61.92	61.92	0.1
1573963800000	61.824	61.824	61.824	61.824	0.06673427
1573964100000	61.745	61.745	61.745	61.745	0.09163697
1573965840000	61.955	61.984	61.984	61.955	15.100000000000001
1573966140000	61.977	61.978	61.978	61.977	15.0
1573966200000	61.978	61.978	61.978	61.978	2.1758090699999997
1573966320000	61.978	61.978	61.978	61.978	12.3025676
1573966800000	62.104	62.104	62.104	62.104	0.15
1573967640000	62.09	62.09	62.09	62.09	0.78
1573969140000	62.441	62.441	62.441	62.441	0.15
1573969440000	62.423	62.423	62.423	62.423	0.1
1573970580000	61.769	61.763	61.769	61.763	15.15
1573970640000	61.881	61.881	61.881	61.881	0.45
1573970700000	61.785	61.785	61.785	61.785	0.25
1573970820000	61.773	61.774	61.774	61.773	7.9683572300000005
1573971000000	62.105	62.105	62.105	62.105	0.73125146
1573971840000	62.178	62.178	62.178	62.178	6.2
1573973220000	62.23	62.23	62.23	62.23	0.7
1573973400000	62.343	62.343	62.343	62.343	0.06371236
1573973700000	62.414	62.414	62.414	62.414	0.36
1573974180000	62.066	62.066	62.066	62.066	0.8
1573975020000	62.446	62.305	62.446	62.305	4.47384497
1573975260000	62.28	62.28	62.28	62.28	0.1
1573976100000	62.04	62.04	62.04	62.04	0.25
1573977240000	61.989	61.989	61.989	61.989	0.1
1573977900000	61.74	61.766	61.766	61.74	14.031822499999999
1573978620000	62.29	62.29	62.29	62.29	14.81025877
1573978860000	62.503	62.503	62.503	62.503	2.0
1573979100000	62.496	62.496	62.496	62.496	0.15
1573979760000	62.61	62.61	62.61	62.61	0.084832
1573980360000	62.556	62.556	62.556	62.556	12.17624241
1573980420000	62.652	62.653	62.653	62.652	13.73305636
1573980780000	62.845	63.0	63.0	62.845	66.26383894
1573980840000	62.898	62.898	62.898	62.898	1.0
1573980960000	62.912	62.379	62.912	62.379	18.792260719999998
1573981140000	62.997	62.867	63.286	62.867	74.29827004
1573981260000	63.284	62.985	63.432	62.985	34.235369999999996
1573981440000	62.852	62.852	62.852	62.852	0.1
1573981560000	62.682	62.682	62.682	62.682	0.13363
1573981860000	62.588	62.588	62.588	62.588	10.0
1573982760000	62.557	62.557	62.557	62.557	0.06834252
1573983240000	62.515	62.515	62.515	62.515	0.199018
1573983600000	62.43	62.487	62.487	62.43	17.60154065
1573983780000	62.634	62.635	62.635	62.634	9.55203353
1573984320000	62.566	62.566	62.566	62.566	1.44079
1573984920000	62.434	62.433	62.434	62.433	8.58892784
1573985700000	62.671	62.672	62.672	62.671	6.1436
1573987140000	62.279	62.276	62.279	62.276	6.8
1573987200000	62.277	62.277	62.277	62.276	11.1
1573987380000	62.277	62.163	62.277	62.163	14.915149790000001
1573987440000	62.069	61.968	62.069	61.968	1.32686782
1573987500000	62.012	62.015	62.015	62.012	4.25361
1573987800000	62.254	62.235	62.254	62.235	0.1905928
1573988640000	62.273	62.273	62.273	62.273	2e-07
1573988700000	62.197	62.156	62.197	62.156	16.0
1573990260000	62.557	62.557	62.557	62.557	0.11683776
1573990380000	62.557	62.557	62.557	62.557	1.321
1573992000000	62.301	62.301	62.301	62.301	0.1
1573992120000	62.375	62.375	62.375	62.375	2.96715969
1573992300000	62.419	62.419	62.419	62.419	2.09066767
1573992480000	62.195	62.192	62.195	62.192	7.642512
1573992600000	62.338	62.339	62.339	62.338	10.0
1573992660000	62.331	62.336	62.336	62.331	7.0
1573992780000	62.46	62.46	62.46	62.46	3.0
1573993140000	62.422	62.4	62.422	62.4	3.71573099
1573993380000	62.201	62.185	62.201	62.182	37.768
1573993440000	62.182	62.125	62.182	62.125	2.80028832
1573993500000	61.966	61.824	61.966	61.824	18.74622
1573993560000	61.931	61.931	61.931	61.931	1.4559
1573993800000	62.181	62.182	62.182	62.15	23.09101
1573994460000	62.427	62.427	62.427	62.427	0.45
1573994640000	62.037	62.037	62.037	62.037	0.65
1573994700000	62.101	62.101	62.101	62.101	1.49672
1573996140000	62.416	62.416	62.416	62.416	0.368359
1573996200000	62.277	62.277	62.277	62.277	2.370979
1573999140000	62.056	62.056	62.056	62.056	0.1
1573999200000	62.045	62.045	62.045	62.045	0.15
1573999440000	62.0	62.0	62.0	62.0	5.0
1573999500000	61.826	61.773	61.826	61.773	40.15
