MTS	OPEN	CLOSE	HIGH	LOW	VOLUME
1593263400000	10.174	10.174	10.174	10.174	57.09040325
1593264960000	10.165	10.165	10.165	10.165	57.124743
1593265020000	10.184	10.184	10.184	10.184	10.0
1593267120000	10.146	10.146	10.146	10.146	2.5755324400000004
1593267180000	10.122	10.122	10.122	10.122	0.75
1593267240000	10.13	10.122	10.13	10.122	4.124
1593267300000	10.122	10.091	10.122	10.077	317.96796094
1593267360000	10.128	10.138	10.139	10.128	90.0
1593269520000	10.171	10.171	10.171	10.171	16.79403003
1593271980000	10.112	10.112	10.112	10.112	42.451
1593273540000	10.116	10.116	10.116	10.116	7.0
1593273840000	10.085	10.091	10.091	10.085	2.05
1593273900000	10.118	10.118	10.118	10.118	1.05
1593274020000	10.075	10.075	10.075	10.075	68.0
1593274200000	10.037	10.037	10.037	10.037	2.5755324400000004
1593274260000	10.066	10.025	10.066	10.025	10.6
1593274440000	10.011	9.999	10.011	9.994	103.21155244
1593274500000	9.999	9.9989	9.999	9.9989	18.86836854
1593274800000	10.017	10.009	10.017	9.9917	669.26370134
1593275100000	9.9988	9.999	9.999	9.9988	2.5
1593275160000	10.027	10.027	10.027	10.027	0.387
1593275820000	10.005	10.006	10.006	10.005	12.59151646
1593276060000	10.0	10.0	10.0	10.0	6.0
1593276480000	10.012	10.013	10.013	10.012	20.0
1593276660000	10.01378698	10.01378698	10.01378698	10.01378698	22.26660009
1593276720000	10.013	10.018	10.018	10.013	180.0
1593277080000	10.024	10.041	10.041	10.024	1000.0
1593277800000	10.061	10.066	10.066	10.049	91.0
1593277860000	10.071	10.071	10.071	10.071	0.74106761
1593278880000	10.038	10.038	10.038	10.038	3.0
1593280080000	9.9872	9.9872	9.9872	9.9872	0.0098
1593280140000	9.9899	9.9899	9.9899	9.9899	11.54513471
1593280260000	9.9862	9.9862	9.9862	9.9862	15.17736415
1593280680000	10.013	10.014	10.014	10.013	50.0
1593280800000	9.9835	9.9391	9.9835	9.939	1675.41776118
1593280860000	9.9391	9.95	9.95	9.9301	618.17821206
1593281100000	9.9836	9.9836	9.9836	9.9836	0.65
1593281220000	9.9611	9.9611	9.9611	9.9611	2.5
1593281340000	9.9765	9.9765	9.9765	9.9765	2.5
1593281820000	9.9773	9.9773	9.9773	9.9773	10.0
1593281880000	9.9796	9.9796	9.9796	9.9796	20.0
1593282360000	9.95	9.95	9.95	9.95	20.0
1593282720000	9.9457	9.9457	9.9457	9.9457	22.61992016
1593283440000	9.961	9.961	9.961	9.961	1.0
1593283680000	9.9635	9.9635	9.9635	9.9635	4.0
1593283980000	9.9643	9.9643	9.9643	9.9643	0.85
1593284160000	9.9755	9.9756	9.9756	9.9755	72.67958899999999
1593284220000	9.9645	9.9645	9.9645	9.9645	3.489
1593284400000	9.9645	9.9394	9.9645	9.9394	45.29573071
1593286140000	9.941	9.9243	9.941	9.9243	500.0
1593286860000	9.9034	9.89	9.9034	9.89	86.94027892
1593286920000	9.89	9.89	9.89	9.89	3.7407
1593286980000	9.8801	9.8801	9.8801	9.8801	1.0
1593287040000	9.88	9.82857707	9.88	9.79	654.92269545
1593287100000	9.78727185	9.6651	9.78727185	9.665	2570.55535354
1593287160000	9.6715	9.6309	9.6887	9.6309	4527.64964681
1593287220000	9.631	9.6221	9.6757	9.6167	1624.41087566
1593287280000	9.622	9.613	9.6221	9.613	297.94906871
1593287340000	9.6043	9.5724	9.6043	9.5724	1636.66647074
1593287400000	9.5252	9.3172	9.5252	9.315	6221.94035657
1593287460000	9.3149	9.3206	9.32275547	9.3149	175.68405217
1593287520000	9.3398	9.3674	9.37504241	9.3333	410.57261097
1593287580000	9.3804	9.4238	9.4348	9.3804	536.96146107
1593287640000	9.4063	9.4347	9.4348	9.3932	158.82269804
1593287700000	9.4348	9.4456	9.4718	9.4348	1082.99679335
1593287760000	9.4714	9.4777	9.4777	9.4714	108.36353833
1593287820000	9.4456	9.4456	9.4456	9.4456	12.158
1593287880000	9.4718	9.4824	9.4824	9.4718	28.548587169999998
1593287940000	9.4837	9.46	9.4837	9.46	163.095
1593288000000	9.4456	9.4063	9.4456	9.4063	151.43894897
1593288060000	9.4143	9.4291	9.4291	9.4142	313.78629168
1593288120000	9.4291	9.4325	9.4325	9.4291	51.074401050000006
1593288180000	9.4325	9.4325	9.4325	9.4325	9.6589744
1593288240000	9.4453	9.4584	9.4584	9.4453	24.3179488
1593288420000	9.4541	9.5	9.5	9.4541	681.30740902
1593288480000	9.52692387	9.487	9.52692387	9.487	7.08223836
1593288540000	9.4887	9.4802	9.4887	9.4751	23.29343016
1593288600000	9.4727	9.4791	9.486	9.4696	23.29343016
1593288660000	9.48160297	9.4905	9.5148	9.48160297	90.17346229
1593288720000	9.5003	9.522	9.5235	9.5003	90.52895079000001
1593288780000	9.522	9.4819	9.522	9.4722	27.175668520000002
1593288840000	9.4961	9.4985	9.5325	9.4961	26.35826839
1593288900000	9.5304	9.4907	9.5304	9.4899	49.52530006
1593288960000	9.4905774	9.5237	9.5237	9.4903	334.32838724
1593289020000	9.519	9.5154	9.519	9.5154	218.647
1593289080000	9.5442	9.5442	9.5442	9.5442	5.0
1593289200000	9.5442	9.5442	9.5442	9.5442	1.8
1593289260000	9.5205	9.5205	9.5205	9.5205	1.7982
1593289320000	9.5434	9.5514	9.5514	9.5434	10.8416
1593289440000	9.5461	9.5461	9.5461	9.5461	1.8
1593289500000	9.5511	9.5511	9.5511	9.5511	35.032
1593289680000	9.5955	9.5955	9.5955	9.5955	54.37420892
1593289860000	9.5557	9.5556	9.5557	9.5556	31.1932
1593290040000	9.5389	9.5466	9.5466	9.5389	96.4094196
1593290100000	9.5466	9.5465	9.5484	9.5465	91.87180495000001
1593290160000	9.5658	9.566	9.566	9.5658	16.426099999999998
1593290400000	9.5525	9.5525	9.5525	9.5525	15.911
1593290640000	9.554	9.56	9.56	9.554	88.77659291
1593290700000	9.56	9.56	9.56	9.56	39.04409068
1593291420000	9.5248	9.5032	9.5248	9.5032	181.7964
1593291840000	9.5164	9.5164	9.5164	9.5164	54.814
1593291960000	9.5364	9.5364	9.5364	9.5364	3.303
1593292020000	9.5363	9.5464	9.5464	9.5363	135.526
1593292080000	9.556	9.556	9.556	9.556	0.6
1593292500000	9.5701	9.5701	9.5701	9.5701	5.0
1593292800000	9.57	9.57	9.57	9.57	11.099
1593293160000	9.5875	9.5875	9.5875	9.5875	3.0
1593293280000	9.5693	9.5533	9.5693	9.5533	335.24240000000003
1593293340000	9.55	9.55	9.55	9.55	20.0
1593293820000	9.5259	9.5259	9.5259	9.5259	1.05
1593293880000	9.5302	9.5302	9.5302	9.5302	20.0
1593293940000	9.55	9.55	9.55	9.55	1.12
1593294300000	9.5497	9.5497	9.5497	9.5497	2.0
1593294540000	9.5497	9.5499	9.5499	9.5497	33.39389197
1593294600000	9.5718	9.5719	9.5719	9.5718	20.0
1593294720000	9.5865	9.5869	9.5869	9.5865	57.44281357
1593294780000	9.5863	9.5865	9.5865	9.5863	28.38
1593294960000	9.6221	9.6714	9.6714	9.6221	1144.7003302599999
1593295080000	9.6629	9.674	9.6933	9.6629	318.91379796
1593295200000	9.6927	9.6927	9.6927	9.6927	4.0
1593296220000	9.698	9.698	9.698	9.698	11.0
1593296280000	9.672	9.672	9.672	9.672	9.32480281
1593296580000	9.6727	9.6719	9.6727	9.6719	148.680614
1593296640000	9.6258	9.61666822	9.6258	9.61666822	133.5892
1593296760000	9.6342	9.6344	9.6344	9.6342	130.0
1593297660000	9.601	9.601	9.601	9.601	85.67480281
1593297720000	9.6006	9.6008	9.6008	9.6006	97.538961
1593299460000	9.5733	9.5747	9.5747	9.5733	320.0
1593299880000	9.6358	9.6358	9.6358	9.6358	5.0571
1593299940000	9.6358	9.6358	9.6358	9.6358	11.981078320000002
1593300600000	9.6378	9.6587	9.6587	9.6378	256.91025652999997
1593300720000	9.6721	9.674	9.674	9.6721	38.79917
1593300900000	9.7064	9.7068	9.7068	9.7064	153.7461
1593301020000	9.7313	9.7336	9.7336	9.7313	72.85889032
1593301200000	9.7326	9.7313	9.7326	9.7313	11.6486
1593302520000	9.6533	9.6361	9.6533	9.6361	200.0
1593302760000	9.6692	9.6704	9.6704	9.6692	227.69212558
1593302880000	9.6441	9.6441	9.6441	9.6441	1.7982072
1593303300000	9.6483	9.6483	9.6483	9.6483	11.6433078
1593303480000	9.6197	9.6045	9.6197	9.6045	130.6
1593304020000	9.6127	9.6398	9.6398	9.6127	211.58049216
1593304560000	9.6246	9.6246	9.6246	9.6246	1.05
1593304800000	9.6247	9.6247	9.6247	9.6247	10.362
1593304860000	9.6247	9.6247	9.6247	9.6247	0.0004147
1593305640000	9.6245	9.6245	9.6245	9.6245	1.8
1593306360000	9.6354	9.6354	9.6354	9.6354	4.3591827400000005
1593306480000	9.6534	9.6534	9.6534	9.6534	1.05
1593307080000	9.6271	9.6271	9.6271	9.6271	4.036401
1593307800000	9.6234	9.6234	9.6234	9.6234	0.6492
1593308400000	9.6081	9.6081	9.6081	9.6081	7.0588
1593308580000	9.6081	9.6132	9.6132	9.6081	242.75325
1593308880000	9.6363	9.6363	9.6363	9.6363	0.6
1593309060000	9.6499	9.6536	9.6536	9.6499	80.05489923
1593309240000	9.6549	9.6549	9.6549	9.6549	25.0
1593310080000	9.6498	9.6498	9.6498	9.6498	16.0
1593310140000	9.65	9.65	9.65	9.65	3.0
1593310980000	9.6302	9.6302	9.6302	9.6302	66.66666666
1593311340000	9.6491	9.6496	9.6496	9.6491	209.0
1593313260000	9.686	9.6954	9.6954	9.686	46.92808034
1593313320000	9.6953	9.6953	9.6953	9.6953	1.05
1593313380000	9.6953	9.6953	9.6953	9.6953	6.3885
1593313860000	9.6954	9.6954	9.6954	9.6954	68.093
1593315360000	9.6911	9.6911	9.6911	9.6911	2.5
1593315600000	9.6911	9.6911	9.6911	9.6911	4.3011
1593315960000	9.6825	9.6825	9.6825	9.6825	21.41699177
1593316860000	9.6507	9.6507	9.6507	9.6507	1.99
1593318600000	9.6513	9.6513	9.6513	9.6513	10.0
1593320940000	9.6711	9.6704	9.6711	9.6704	278.93898076
1593323580000	9.6799	9.6799	9.6799	9.6799	0.767
1593323640000	9.6801	9.6799	9.6801	9.6799	111.39937409000001
1593323820000	9.6784	9.6783	9.6784	9.6783	14.9454004
1593324360000	9.6983	9.6991	9.6991	9.6983	850.0
1593324540000	9.6991	9.6991	9.6991	9.6991	1.11
1593324660000	9.6673	9.6673	9.6673	9.6673	4.130269
1593324780000	9.7	9.7	9.7	9.7	87.51804999999999
1593324900000	9.7191	9.7191	9.7191	9.7191	6.72522683
1593325140000	9.7433	9.7477	9.7477	9.7433	15.2187
1593325260000	9.751	9.751	9.751	9.751	8.0
1593326100000	9.7518	9.7518	9.7518	9.7518	11.687999999999999
1593326160000	9.7518	9.77	9.77	9.7518	50.0
1593326400000	9.7766	9.7822	9.7822	9.7766	300.0
1593326940000	9.7845	9.7845	9.7845	9.7845	8.487
1593327180000	9.7844	9.7933	9.7933	9.7844	15.004
1593327600000	9.7932	9.7936	9.7936	9.7931	120.00432193
1593327660000	9.8171	9.8172	9.8172	9.8171	17.42354265
1593327780000	9.85	9.889	9.889	9.85	113.34102807
1593327840000	9.8827	9.8827	9.8827	9.8827	0.7
1593328020000	9.891	9.891	9.891	9.891	8.0
1593329280000	9.881	9.881	9.881	9.881	20.0
1593329700000	9.8891	9.8891	9.8891	9.8891	3.0
1593329940000	9.8892	9.8892	9.8892	9.8892	23.8049
1593330540000	9.8826	9.8826	9.8826	9.8826	41.28323458
1593330840000	9.8951	9.8951	9.8951	9.8951	31.69012357
1593331080000	9.898	9.898	9.898	9.898	52.48919888
1593331140000	9.9154	9.9313	9.9313	9.9154	94.19984481
1593331260000	9.9278	9.9278	9.9278	9.9278	2.0
1593331320000	9.9284	9.9284	9.9284	9.9284	2.073
1593331380000	9.9284	9.9284	9.9284	9.9284	20.233
1593331440000	9.9284	9.9284	9.9284	9.9284	91.01069248
1593332160000	9.894	9.8686	9.894	9.8686	135.796773
1593333540000	9.8842	9.8842	9.8842	9.8842	4.491
1593334200000	9.9481	9.9694	9.9694	9.9481	130.0
1593335580000	9.9269	9.9269	9.9269	9.9269	12.5
1593336600000	9.9783	9.9783	9.9783	9.9783	8.0
1593336780000	9.9612	9.9612	9.9612	9.9612	0.65
1593336840000	9.9783	9.9783	9.9783	9.9783	41.080999999999996
1593336900000	9.9809	9.9809	9.9809	9.9809	13.77245952
1593337020000	9.9948	10.008	10.008	9.9948	34.0
1593337200000	10.005	10.005	10.005	10.005	129.493
1593337260000	10.005	10.005	10.005	10.005	149.97796644
1593338220000	9.9845	9.9845	9.9845	9.9845	5.8704239
1593338820000	9.9845	9.9846	9.9846	9.9845	41.830616209999995
1593339000000	9.9845	9.9845	9.9845	9.9845	97.30311887
1593339120000	9.9805	9.9805	9.9805	9.9805	28.471
1593339180000	9.9812	9.9812	9.9812	9.9812	7.678
1593339240000	9.9828	9.9828	9.9828	9.9828	10.0
1593339300000	9.9829	9.9827	9.9829	9.9827	46.36073264
1593339360000	9.9805	9.9804	9.9805	9.9804	48.60628942
1593340800000	9.9722	9.9694	9.9722	9.9694	350.0
1593341040000	9.9788	9.9788	9.9788	9.9788	0.9
1593341160000	9.9854	9.9854	9.9854	9.9854	0.65
1593341220000	9.9827	9.9826	9.9827	9.9826	60.0
1593341280000	9.9822	9.9814	9.9822	9.9814	240.0
1593341340000	9.9815	9.9814	9.9815	9.9814	200.0
1593341880000	9.9638	9.9797	9.9799	9.9638	200.0
1593341940000	9.9797	9.9797	9.9797	9.9797	0.8932
1593342420000	9.9798	9.9794	9.9798	9.9794	223.79718400999997
1593342540000	9.9742	9.9741	9.9742	9.9741	90.40899823
1593342600000	9.9699	9.9682	9.9699	9.9682	164.90399701
1593342900000	9.9854	9.9931	9.9931	9.9854	42.12580685
1593343020000	9.9754	9.9728	9.9754	9.9728	100.0
1593343920000	9.9943	9.9973	9.9973	9.9943	17.14935998
1593344100000	9.9909	9.9863	9.9909	9.9863	143.72796971
1593344160000	9.9863	9.9862	9.9863	9.9862	38.54208388
1593344340000	9.99	9.99	9.99	9.99	100.0
1593345180000	9.9839	9.9585	9.9839	9.9585	39.83230765
1593345240000	9.9565	9.9565	9.9565	9.9565	4.54132607
1593345420000	9.9494	9.9493	9.9494	9.9493	20.0
1593345600000	9.9599	9.96	9.96	9.9599	21.795
1593345660000	9.9699	9.9699	9.9699	9.9699	8.0
1593345780000	9.9699	9.9699	9.9699	9.9699	16.0
1593346200000	9.9758	9.9758	9.9758	9.9758	88.0
1593346320000	9.9496	9.9496	9.9496	9.9496	2.50606
1593347160000	9.955	9.923	9.955	9.923	469.35746338999996
1593347220000	9.9231	9.923	9.9231	9.923	114.3
1593347280000	9.9231	9.923	9.9231	9.923	261.4151539
1593347340000	9.923	9.8984	9.923	9.8984	129.42743281
1593347400000	9.911	9.9111	9.9111	9.911	44.39909724
1593347580000	9.9221	9.9221	9.9221	9.9221	11.08906
1593347700000	9.917	9.9169	9.917	9.9169	23.73737518
1593348120000	9.9245	9.9249	9.9266	9.9245	103.30711554999999
1593348360000	9.9287	9.9287	9.9287	9.9287	10.0
1593349140000	9.9336	9.9336	9.9336	9.9336	5.0
1593349800000	9.9337	9.9337	9.9337	9.9337	3.2511
1593351360000	9.9251	9.9251	9.9251	9.9251	20.0
1593351960000	9.9251	9.9251	9.9251	9.9251	1.05
1593352080000	9.9251	9.9251	9.9251	9.9251	1.154377
1593352440000	9.9251	9.9251	9.9251	9.9251	17.0
1593352740000	9.9325	9.9325	9.9325	9.9325	3.0
1593352800000	9.94	9.94	9.94	9.94	30.0
1593353100000	9.9536	9.9536	9.9536	9.9536	42.55423585
1593353280000	9.976	9.976	9.976	9.976	17.0
1593353580000	10.002	10.03	10.03	10.002	304.97487979
1593353640000	10.039	10.062	10.064	10.039	79.17242577
1593353700000	10.064	10.064	10.064	10.064	20.0
1593353760000	10.062	10.062	10.062	10.062	48.77476934
1593353820000	10.062	10.062	10.062	10.062	0.6
1593354420000	10.042	10.042	10.042	10.042	5.0
1593354720000	10.042	10.042	10.042	10.042	33.35313837
1593355500000	10.045	10.045	10.045	10.045	1.7964
1593355680000	10.064	10.094	10.094	10.064	11.53138977
1593355740000	10.093	10.099	10.11	10.093	1275.45405789
1593355860000	10.099	10.099	10.099	10.099	16.961
1593356040000	10.094	10.094	10.094	10.094	51.69
1593356160000	10.099	10.087	10.099	10.087	43.195
1593356220000	10.087	10.087	10.087	10.087	20.0
1593356400000	10.1	10.1	10.1	10.1	96.6561532
1593356460000	10.098	10.098	10.098	10.098	33.816
1593356580000	10.1	10.1	10.1	10.1	49.84606668
1593356820000	10.087	10.087	10.087	10.087	20.0
1593356940000	10.086	10.086	10.086	10.086	27.07
1593357240000	10.081	10.077	10.081	10.077	51.84
1593357540000	10.083	10.084	10.084	10.083	56.402590000000004
1593357600000	10.118	10.12	10.12	10.118	32.555
1593357660000	10.12	10.127	10.127	10.12	30.00059877
1593357720000	10.14503809	10.151	10.151	10.14503809	12.55559877
1593357780000	10.16	10.206	10.206	10.16	580.26666698
1593358020000	10.195	10.195	10.195	10.195	0.6
1593358080000	10.195	10.183	10.195	10.183	51.2
1593358260000	10.188	10.188	10.188	10.188	2.021
1593358380000	10.196	10.196	10.196	10.196	1.8
1593358440000	10.183	10.183	10.183	10.183	1.7964
1593358560000	10.183	10.175	10.183	10.175	51.316
1593358680000	10.157	10.157	10.157	10.157	20.6282831
1593358920000	10.156	10.156	10.156	10.156	16.56728875
1593359160000	10.143	10.143	10.143	10.143	1.0
1593359460000	10.168	10.168	10.168	10.168	13.029
1593359700000	10.161	10.161	10.161	10.161	1.8
1593359760000	10.153	10.153	10.153	10.153	1.7964
1593359880000	10.144	10.144	10.144	10.144	5.0
1593360000000	10.17	10.17	10.17	10.17	1.8
1593360060000	10.14706263	10.14706263	10.14706263	10.14706263	1.7964
1593360360000	10.153	10.153	10.153	10.153	1.17205697
1593360420000	10.184	10.184	10.184	10.184	19.84781167
1593360600000	10.199	10.199	10.199	10.199	34.166
1593360660000	10.199	10.225	10.225	10.199	19.90009465
1593360720000	10.196	10.199	10.199	10.196	1.2
1593361080000	10.199	10.196	10.199	10.196	51.19499999999999
1593361200000	10.199	10.199	10.199	10.199	12.383506460000001
1593361620000	10.178	10.178	10.178	10.178	10.0
1593361680000	10.198	10.198	10.198	10.198	1.8
1593361740000	10.175	10.175	10.175	10.175	1.7964
1593362220000	10.142	10.142	10.142	10.142	10.97482495
1593362400000	10.14	10.14	10.14	10.14	16.0
1593362760000	10.142	10.142	10.142	10.142	13.55667673
1593362820000	10.175	10.175	10.175	10.175	4.7497
1593362880000	10.159	10.159	10.159	10.159	1.7964
1593363600000	10.171	10.171	10.171	10.171	1.0
1593363720000	10.185	10.185	10.185	10.185	1.8
1593364140000	10.148	10.148	10.148	10.148	7.0
1593364260000	10.184	10.184	10.184	10.184	80.81669813
1593364560000	10.164	10.161	10.164	10.161	46.92808034
1593365400000	10.154	10.154	10.154	10.154	1.25
1593365640000	10.183	10.184	10.184	10.183	10.0
1593365760000	10.189	10.189	10.189	10.189	5.2
1593366840000	10.188	10.188	10.188	10.188	18.0
1593369120000	10.191	10.191	10.191	10.191	3.14959741
1593369300000	10.191	10.191	10.191	10.191	0.9
1593369480000	10.191	10.191	10.191	10.191	3.145
1593369780000	10.191	10.191	10.191	10.191	53.352
1593369840000	10.191	10.191	10.191	10.191	30.62674752
1593370260000	10.156	10.156	10.156	10.156	129.23
1593370740000	10.155	10.155	10.155	10.155	14.1171437
1593370860000	10.181	10.181	10.181	10.181	25.0
1593372240000	10.193	10.192	10.193	10.192	197.1851077
1593372660000	10.17	10.17	10.17	10.17	5.97521538
1593372960000	10.163	10.163	10.163	10.163	0.85
1593373080000	10.164	10.163	10.164	10.163	51.32970950000001
1593373680000	10.126	10.127	10.127	10.126	34.968163960000005
1593373740000	10.158	10.158	10.158	10.158	204.222453
1593373920000	10.111	10.11	10.111	10.11	26.0
1593374280000	10.113	10.014	10.113	10.014	362.41301620999997
1593374340000	10.009	10.0	10.009	10.0	89.83873889
1593374400000	10.025	10.025	10.025	10.025	20.0
1593374460000	10.029	10.03	10.03	10.029	20.0
1593374520000	10.038	10.038	10.038	10.038	63.12445318
1593374580000	10.076	10.109	10.109	10.056	429.51072141000003
1593375060000	10.076	10.076	10.076	10.076	20.0
1593375960000	10.03104767	10.031	10.03104767	10.031	24.84348603
1593376080000	10.037	10.038	10.038	10.037	35.9227395
1593376200000	10.04	10.04	10.04	10.04	23.1215732
1593376320000	10.024	10.023	10.024	10.023	38.3069684
1593376440000	10.02100442	10.021	10.02100442	10.021	24.94014365
1593376560000	10.021	10.021	10.021	10.021	35.94263194
1593376680000	10.0	9.9987	10.0	9.9987	88.94230495000001
1593376740000	10.02	10.02	10.02	10.02	0.6
1593376800000	9.9931	9.9931	9.9931	9.9931	25.0
1593376920000	10.001	10.001	10.001	10.001	24.99750024
1593377040000	10.001	10.001	10.001	10.001	24.99750024
1593377160000	10.00203171	10.002	10.00203171	10.002	24.997500239999997
1593377220000	10.006	10.0	10.006	10.0	2197.25612869
1593377400000	10.036	10.037	10.037	10.036	20.0
1593377580000	10.036	10.017	10.037	10.017	152.72118473
1593377700000	10.036	10.036	10.036	10.036	24.91032283
1593379200000	10.054	10.054	10.054	10.054	0.7
1593379260000	10.048	10.048	10.048	10.048	12.78100652
1593379380000	10.044	10.044	10.044	10.044	11.0972228
1593379440000	10.037	10.037	10.037	10.037	51.93
1593379620000	10.031	10.031	10.031	10.031	11.11825809
1593379740000	10.028	10.028	10.028	10.028	11.12491739
1593379920000	10.022	10.022	10.022	10.022	11.1304729
1593380100000	10.029	10.029	10.029	10.029	19.881703780000002
1593380220000	10.003	10.002	10.003	10.002	38.484
1593380340000	10.004	10.004	10.004	10.004	20.0
1593380460000	10.001	10.001	10.001	10.001	24.99000399
1593380580000	10.013	10.013	10.013	10.013	24.97752023
1593380700000	10.017	10.017	10.017	10.017	24.96255616
1593380820000	10.018	10.018	10.018	10.018	24.95508085
1593381000000	10.022	10.022	10.022	10.022	22.04097345
1593381600000	10.023	10.023	10.023	10.023	11.11936742
1593382080000	10.012	10.012	10.012	10.012	15.0
1593382380000	10.013	10.013	10.013	10.013	21.6869
1593384540000	10.03	10.03	10.03	10.03	3.07
1593385680000	10.046	10.046	10.046	10.046	0.6
1593385800000	10.039	10.039	10.039	10.039	37.2422365
1593386220000	10.034	10.02	10.034	10.02	300.0
1593386460000	10.049	10.049	10.049	10.049	0.67484423
1593387120000	10.012	10.011	10.012	10.011	100.0
1593387960000	10.031	10.034	10.034	10.031	51.9777312
1593388080000	10.033	10.033	10.033	10.033	17.67538653
1593388200000	10.052	10.052	10.052	10.052	5.0
1593388740000	10.048	10.048	10.048	10.048	0.748
1593388920000	10.054	10.054	10.054	10.054	47.85644
1593388980000	10.054	10.054	10.054	10.054	12.700106
1593389040000	10.054	10.054	10.054	10.054	0.80193
1593389160000	10.05	10.05	10.05	10.05	18.301
1593389280000	10.051	10.07	10.09	10.051	795.27017621
1593389340000	10.067	10.065	10.068	10.065	35.83909751
1593389400000	10.069	10.07	10.07	10.068	162.90415882
1593389460000	10.07	10.058	10.07	10.058	43.28404472
1593389760000	10.051	10.051	10.051	10.051	3.684
1593389880000	10.051	10.051	10.051	10.051	119.40388412
1593389940000	10.051	10.051	10.051	10.051	9.134
1593390360000	10.05	10.05	10.05	10.05	0.0003
1593392040000	10.023	10.023	10.023	10.023	8.26118099
1593393420000	10.078	10.078	10.078	10.078	12.53791472
1593393600000	10.077	10.077	10.077	10.077	3.04878
1593394080000	10.027	10.027	10.027	10.027	30.52340319
1593394260000	10.028	10.028	10.028	10.028	25.60736654
1593395160000	10.062	10.062	10.062	10.062	9.921071
1593395220000	10.101	10.101	10.101	10.101	232.0
1593395640000	10.059	10.059	10.059	10.059	30.0
1593395880000	10.122	10.122	10.122	10.122	0.65
1593397020000	10.071	10.093	10.093	10.071	378.39274221
1593397140000	10.09392575	10.094	10.094	10.09392575	31.112566700000002
1593401520000	10.021	10.021	10.021	10.021	0.6
1593402540000	10.0	10.0	10.0	10.0	3.0
1593402660000	10.02	10.02	10.02	10.02	30.0
1593404280000	10.02	10.02	10.02	10.02	8.791584
1593408720000	10.033	10.033	10.033	10.033	120.0
1593409140000	10.05	10.05	10.05	10.05	40.0
1593409380000	10.086	10.086	10.086	10.086	5.0
1593410640000	10.058	10.058	10.058	10.058	2.548331
1593413160000	9.9795	9.9795	9.9795	9.9795	3.22370664
1593413340000	10.052	10.052	10.052	10.052	136.96368
1593414000000	10.002	10.002	10.002	10.002	3.827013
1593414060000	10.001	10.001	10.001	10.001	100.0
1593414120000	10.001	10.001	10.001	10.001	100.0
1593414180000	9.9788	9.9788	9.9788	9.9788	28.0
1593415440000	10.056	10.056	10.056	10.056	12.61427968
1593416940000	10.033	10.033	10.033	10.033	1.32611908
1593417000000	10.026	10.026	10.026	10.026	29.55
1593417060000	10.026	10.026	10.026	10.026	26.2765
1593417420000	10.059	10.059	10.059	10.059	4.19188914
1593420600000	10.039	10.039	10.039	10.039	0.0101505
1593422520000	10.032	10.032	10.032	10.032	25.00720118
1593422760000	10.049	10.049	10.049	10.049	11.03773191
1593424080000	10.116	10.116	10.118	10.116	166.15120791
1593424140000	10.13	10.13	10.13	10.13	33.25309948
1593424260000	10.131	10.131	10.131	10.131	102.065
1593424860000	10.141	10.141	10.141	10.141	67.52211086
1593425160000	10.141	10.14	10.141	10.14	1.20038914
1593426240000	10.1	10.1	10.1	10.1	30.0
1593430920000	10.037	10.037	10.037	10.037	12.09
1593430980000	10.035	10.035	10.035	10.035	60.5381
1593431160000	10.037	10.037	10.037	10.037	150.19775515999999
1593434100000	10.092	10.092	10.092	10.092	30.64191732
1593434160000	10.093	10.107	10.107	10.093	31.51700417
1593434220000	10.12	10.131	10.131	10.12	52.653084500000006
1593434280000	10.155	10.16	10.16	10.155	14.142075380000001
1593434340000	10.149	10.149	10.149	10.149	0.75
1593434520000	10.156	10.156	10.156	10.156	3.3313
1593435600000	10.13	10.13	10.13	10.13	18.236
1593436800000	10.081	10.081	10.081	10.081	3.223
1593436980000	10.02	10.02	10.02	10.02	42.0
1593437340000	9.9916	9.9916	9.9916	9.9916	4.0
1593437700000	9.9812	10.011	10.011	9.9786	45.0
1593438060000	10.013	10.012	10.013	10.012	14.245940390000001
1593438240000	10.005	10.005	10.005	10.005	8.0
1593439200000	9.9852	9.9852	9.9852	9.9852	40.0
1593439740000	10.0	10.0	10.0	10.0	28.0
1593440460000	10.035	10.035	10.035	10.035	5.0
1593440940000	10.019	10.019	10.019	10.019	20.14287559
1593441060000	10.023	10.023	10.023	10.023	16.10105972
1593441480000	10.027	10.0261046	10.027	10.0261046	50.0
1593441720000	10.055	10.055	10.055	10.055	52.44194028
1593441780000	10.056	10.056	10.056	10.056	15.513126490000001
1593441900000	10.062	10.063	10.063	10.062	37.82144841
1593441960000	10.062	10.062	10.062	10.062	12.471
1593442140000	10.055	10.052	10.055	10.052	14.03847361
1593442260000	10.055	10.055	10.055	10.055	26.77409539
1593442560000	10.051	10.051	10.051	10.051	11.482100240000001
1593443640000	10.02245782	10.02245782	10.02245782	10.02245782	0.6
1593445500000	10.099	10.099	10.099	10.099	23.541
1593445560000	10.099	10.1	10.1	10.095	68.67869999999999
1593445800000	10.1	10.1	10.1	10.1	24.859
1593446280000	10.1	10.1	10.1	10.1	0.0003
1593448020000	10.103	10.101	10.103	10.101	28.881986859999998
1593448260000	10.101	10.1	10.101	10.1	131.7094279
1593448320000	10.1	10.1	10.1	10.1	35.51990274
1593452520000	10.16	10.16	10.16	10.16	5.198
1593452580000	10.16	10.16	10.16	10.16	34.012
1593452640000	10.16	10.178	10.178	10.16	1.8199999999999998
1593452820000	10.178	10.178	10.178	10.178	2.2476
1593453120000	10.177	10.177	10.177	10.177	18.0
1593453180000	10.163	10.163	10.163	10.163	0.83660543
1593453360000	10.16	10.16	10.16	10.16	1.0
1593453600000	10.159	10.159	10.159	10.159	3.241
1593454140000	10.178	10.178	10.178	10.178	19.93249786
1593454440000	10.189	10.189	10.189	10.189	30.235
1593454500000	10.189	10.189	10.189	10.189	91.22590803
1593455520000	10.136	10.136	10.136	10.136	4.59444406
1593456660000	10.132	10.132	10.132	10.132	41.285000000000004
1593456720000	10.135	10.135	10.135	10.135	0.6
1593456900000	10.11	10.11	10.11	10.11	47.0
1593456960000	10.11	10.11	10.11	10.11	3.7296
1593459600000	10.122	10.122	10.122	10.122	3.7105
1593460980000	10.17	10.17	10.17	10.17	25.0
1593461040000	10.19	10.198	10.198	10.19	32.0
1593461100000	10.2	10.211	10.211	10.2	12.68
1593463620000	10.222	10.224	10.224	10.222	15.6
1593463740000	10.226	10.226	10.226	10.226	0.6888
1593463860000	10.225	10.225	10.225	10.225	13.81
1593463920000	10.225	10.225	10.225	10.225	60.0
1593463980000	10.225	10.225	10.225	10.225	1.0
1593464040000	10.225	10.225	10.225	10.225	89.27000000000001
1593464100000	10.225	10.225	10.225	10.225	50.96
1593464220000	10.225	10.225	10.225	10.225	1.0
1593464340000	10.226	10.226	10.226	10.226	0.65
1593464460000	10.227	10.227	10.227	10.227	27.658
1593464580000	10.227	10.257	10.279	10.227	458.31536818
1593464700000	10.26017422	10.259	10.261	10.259	331.27894849999996
1593464880000	10.257	10.257	10.257	10.257	61.00587316
1593465000000	10.248	10.248	10.248	10.248	100.8
1593465180000	10.247	10.247	10.247	10.247	58.88223836
1593465240000	10.246	10.246	10.246	10.246	42.978474059999996
1593465660000	10.249	10.249	10.249	10.249	29.7718445
1593465720000	10.247	10.247	10.247	10.247	5.0
1593466080000	10.247	10.247	10.247	10.247	20.0
1593466140000	10.248	10.248	10.248	10.248	10.0
1593466740000	10.27957322	10.28	10.28	10.27957322	15.0
1593466800000	10.281	10.281	10.281	10.281	0.75
1593466860000	10.256	10.256	10.256	10.256	27.73930003
1593466980000	10.255	10.23	10.255	10.23	67.31691529
1593467040000	10.245	10.2	10.245	10.2	70.70381456
1593467160000	10.182	10.162	10.182	10.162	30.0
1593467340000	10.192	10.192	10.192	10.192	1.2
1593467880000	10.21	10.21	10.21	10.21	12.5
1593468540000	10.234	10.234	10.234	10.234	10.0
1593468960000	10.275	10.275	10.275	10.275	4.0
1593469140000	10.281	10.207	10.281	10.207	206.84090942
1593469560000	10.217	10.217	10.217	10.217	1.7964
1593472500000	10.213	10.212	10.213	10.212	17.79201801
1593474540000	10.22	10.22	10.22	10.22	20.0
1593476280000	10.221	10.221	10.221	10.221	1.8
1593480120000	10.187	10.187	10.187	10.187	16.17577974
1593482880000	10.209	10.209	10.209	10.209	45.70744474000001
1593483060000	10.209	10.209	10.209	10.209	6.94693181
1593484620000	10.174	10.174	10.174	10.174	4.004
1593485100000	10.195	10.195	10.195	10.195	20.0
1593489660000	10.198	10.173	10.198	10.173	76.0
1593491520000	10.171	10.171	10.171	10.171	20.0
1593493140000	10.171	10.17	10.171	10.17	21.77184869
1593496500000	10.145	10.145	10.145	10.145	14.97
1593499140000	10.141	10.141	10.141	10.141	14.203000000000001
1593500400000	10.208	10.208	10.208	10.208	1.0
1593503880000	10.189	10.189	10.189	10.189	0.75
1593509640000	10.181	10.181	10.181	10.181	105.797
1593509820000	10.181	10.181	10.181	10.181	310.40658305
1593510120000	10.191	10.191	10.191	10.191	1.0
1593510720000	10.204	10.204	10.204	10.204	1.64931214
1593511200000	10.214	10.214	10.214	10.214	3.0
1593512100000	10.21	10.21	10.21	10.21	12.1532214
1593513420000	10.184	10.184	10.184	10.184	5.0
1593515220000	10.179	10.179	10.179	10.179	51.25
1593518340000	10.19	10.19	10.19	10.19	1.0
1593518880000	10.178	10.178	10.178	10.178	21.6
1593519360000	10.153	10.153	10.153	10.153	40.0
1593520200000	10.152	10.152	10.152	10.152	4.962
1593520380000	10.152	10.122	10.152	10.117	133.24434856
1593520440000	10.111	10.111	10.111	10.111	147.21016455
1593520800000	10.1	10.08155308	10.1	10.08155308	100.0
1593521340000	10.104	10.104	10.104	10.104	2.6
1593521940000	10.098	10.098	10.098	10.098	10.25588134
1593522120000	10.06920502	10.06920502	10.06920502	10.06920502	0.6
1593522180000	10.069	10.05063914	10.069	10.05063914	6.1687611
1593522780000	10.05	10.031	10.05	10.031	6.491
1593523860000	10.09	10.09	10.09	10.09	1.0
1593524340000	10.101	10.101	10.101	10.101	146.94978986
1593527040000	10.112	10.112	10.112	10.112	23.880795980000002
1593529560000	10.169	10.16999199	10.16999199	10.169	175.32644642
1593530880000	10.15114339	10.15114339	10.15114339	10.15114339	3.0
1593532140000	10.122	10.122	10.122	10.122	120.0
1593532200000	10.122	10.122	10.122	10.122	100.44868038999999
1593533760000	10.164	10.164	10.164	10.164	1.0
1593538140000	10.058	10.058	10.058	10.058	0.6
1593538740000	10.054	10.054	10.054	10.054	1.25
1593538800000	10.052	10.052	10.052	10.052	1.5
1593538980000	10.052	10.052	10.052	10.052	8.5
1593539040000	10.03	10.03	10.03	10.03	8.8501
1593540300000	10.061	10.061	10.061	10.061	24.5
1593544080000	10.031	10.018	10.031	10.018	72.56304
1593544200000	10.026	10.026	10.026	10.026	12.860273
1593544380000	10.005	10.005	10.005	10.005	2.465
1593544740000	10.058	10.058	10.058	10.058	9.943903
1593544860000	10.053	10.053	10.053	10.053	0.75
1593544920000	10.033	10.033	10.033	10.033	51.914
1593544980000	10.033	10.033	10.033	10.033	114.793
1593545040000	10.033	10.033	10.033	10.033	187.67180326
1593545100000	10.058	10.058	10.058	10.058	0.69369664
1593545580000	10.072	10.072	10.072	10.072	184.87040513
1593545700000	10.076	10.076	10.076	10.075	171.78174624000002
1593546480000	10.055	10.055	10.055	10.055	15.03
1593546660000	10.074	10.074	10.074	10.074	3.970422
1593548160000	10.05811266	10.05811266	10.05811266	10.05811266	1.0
1593552120000	10.055	10.055	10.055	10.054	61.51937069
1593552840000	10.048	10.048	10.048	10.048	20.0
1593554520000	10.07	10.07	10.07	10.07	10.8799861
1593554640000	10.034	10.034	10.034	10.034	0.65
1593554700000	10.03359991	10.059	10.059	10.03359991	6.0
1593554820000	10.039	10.036	10.039	10.036	100.0
1593554880000	10.037	10.031	10.047	10.031	200.60000000000002
1593554940000	10.032	10.027	10.032	10.027	100.0
1593555360000	10.032	10.032	10.032	10.032	125.7747226
1593557100000	10.023	10.019	10.023	10.019	205.0
1593558360000	10.042	10.042	10.042	10.042	51.92043709
1593558720000	10.049	10.049	10.049	10.049	26.41673562
1593559320000	10.062	10.062	10.062	10.062	15.0
1593560400000	10.061	10.061	10.061	10.061	21.139884
1593561720000	10.024	10.006	10.024	10.006	108.92347262000001
1593561900000	10.01	10.01	10.01	10.01	14.15412101
1593561960000	10.005	10.001	10.005	10.001	33.07304593
1593563280000	10.025	10.026	10.026	10.025	30.0
1593563460000	9.9998	9.9998	9.9998	9.9998	9.25639677
1593563700000	9.998	9.992	9.998	9.992	48.81521711
1593563760000	9.9863	9.9413	9.9863	9.9413	17.59323005
1593563820000	9.9413	9.948	9.9538	9.9413	2386.875
1593563880000	9.9484	9.9413	9.9484	9.9413	155.10000001
1593564120000	9.9766	9.9517	9.98281401	9.9517	90.60000000000001
1593565020000	9.9863	9.9863	9.9863	9.9863	8.4834
1593565500000	9.9746	9.9746	9.9746	9.9746	6.547823
1593569460000	10.005	10.005	10.005	10.005	4.196
1593569580000	10.004	10.004	10.004	10.004	128.37189792
1593571020000	10.008	10.008	10.008	10.008	5.18705365
1593574260000	10.006	10.006	10.006	10.006	48.0
1593574500000	9.9963	9.9963	9.9963	9.9963	51.78974945
1593576000000	10.003	10.015	10.015	10.003	80.0
1593576060000	10.027	10.047	10.047	10.027	57.5
1593576180000	10.061	10.062	10.062	10.061	157.41443845
1593576660000	10.06791723	10.06791723	10.06791723	10.06791723	1.0
1593576780000	10.061	10.061	10.061	10.061	39.98774046
1593576840000	10.063	10.064	10.065	10.063	158.78297328
1593577020000	10.061	10.061	10.061	10.061	42.0
1593583440000	9.9809	9.9809	9.9809	9.9809	17.5
1593584700000	9.9879	9.9879	9.9879	9.9879	1.0
1593585180000	9.9835	9.9834	9.9835	9.9834	236.05892316
1593589920000	9.9987	9.9987	9.9987	9.9987	5.0
1593590520000	9.9621	9.9578	9.9621	9.9578	151.80038185
1593590580000	9.923	9.923	9.923	9.923	9.15
1593590640000	9.9498	9.9498	9.9498	9.9498	3.7369359
1593592920000	10.07	10.07	10.07	10.07	8.4752
1593593520000	10.061	10.061	10.061	10.061	116.14020917
1593594900000	10.051	10.051	10.051	10.051	1.115426
1593596760000	10.052	10.052	10.052	10.052	120.0
1593596820000	10.052	10.052	10.052	10.052	8.4752
1593597000000	10.054	10.054	10.054	10.054	8.4186
1593597240000	10.054	10.054	10.054	10.054	55.0
1593597480000	10.046	10.046	10.046	10.046	0.6
1593598020000	10.072	10.072	10.072	10.071	13.12513471
1593598080000	10.071	10.071	10.071	10.071	0.6
1593598740000	10.063	10.063	10.063	10.063	10.0
1593602040000	10.059	10.059	10.059	10.059	50.0
1593604500000	10.07	10.076	10.076	10.07	40.0
1593605580000	10.058	10.058	10.058	10.058	10.001939
1593605640000	10.058	10.058	10.058	10.058	101.91844799
1593606000000	10.058	10.058	10.058	10.058	3.73565068
1593606180000	10.058	10.058	10.058	10.058	99.0
1593608460000	10.055	10.055	10.055	10.055	0.9
1593608820000	10.045	10.045	10.045	10.045	0.75
1593609120000	10.038	10.038	10.038	10.038	130.94124611
1593609300000	10.035	10.014	10.035	10.014	717.49
1593609780000	10.019	10.017	10.019	10.017	107.0
1593610440000	10.049	10.05	10.05	10.049	132.37189792
1593610500000	10.086	10.086	10.086	10.086	24.5
1593610800000	10.105	10.112	10.112	10.105	22.5
1593610920000	10.112	10.112	10.112	10.112	24.4410725
1593610980000	10.138	10.15	10.15	10.138	33.321
1593611400000	10.12	10.12	10.12	10.12	20.0
1593612360000	10.132	10.114	10.132	10.114	76.5415079
1593612540000	10.11	10.109	10.11	10.109	60.16462604
1593612840000	10.063	10.063	10.063	10.063	3.591749
1593613320000	10.079	10.079	10.079	10.079	15.0
1593613740000	10.08	10.09	10.09	10.08	16.5382
1593614460000	10.153	10.153	10.153	10.153	275.0
1593614520000	10.154	10.154	10.154	10.154	3.5
1593615360000	10.147	10.147	10.147	10.147	145.28102077
1593618480000	10.166	10.187	10.187	10.166	144.0
1593618540000	10.19	10.19	10.19	10.19	5.5
1593618660000	10.2	10.2	10.2	10.2	2.0
1593618720000	10.206	10.206	10.206	10.206	99.39115568000001
1593618780000	10.206	10.237	10.248	10.206	981.99759969
1593618840000	10.241	10.24	10.258	10.233	900.51250237
1593618900000	10.253	10.283	10.283	10.253	1347.76681782
1593618960000	10.273	10.279	10.283	10.269	1041.6
1593619020000	10.27898494	10.291	10.291	10.278	1543.64999999
1593619080000	10.277	10.287	10.287	10.277	461.925
1593619200000	10.277	10.257	10.277	10.257	59.324
1593619620000	10.21360483	10.21360483	10.21360483	10.21360483	1.0
1593619800000	10.23049723	10.24	10.24	10.215	99.82000000000001
1593620160000	10.235	10.235	10.235	10.235	1.0
1593621060000	10.235	10.236	10.236	10.235	31.390328150000002
1593621120000	10.254	10.278	10.278	10.254	438.33333324
1593621180000	10.242	10.242	10.242	10.242	2.5
1593621720000	10.248	10.25	10.25	10.248	53.78848222
1593621780000	10.249	10.249	10.249	10.249	14.52174075
1593622200000	10.208	10.208	10.208	10.208	5.0
1593622800000	10.218	10.22	10.22	10.218	34.56583565
1593623460000	10.211	10.211	10.211	10.211	5.0
1593624300000	10.189	10.189	10.189	10.189	14.969999999999999
1593626520000	10.195	10.195	10.195	10.195	8.1196
1593626580000	10.203	10.203	10.203	10.203	4.0
1593626820000	10.202	10.202	10.202	10.202	9.25639677
1593626940000	10.189	10.19	10.19	10.189	5.68273452
1593627000000	10.189	10.188	10.189	10.188	3.9882987500000002
1593627060000	10.188	10.185	10.188	10.181	4.7859585
1593627120000	10.181	10.172	10.181	10.172	4.7859585
1593627180000	10.177	10.177	10.177	10.177	4.7859585
1593627240000	10.178	10.178	10.179	10.178	3.9882987500000002
1593627300000	10.178	10.178	10.178	10.178	4.7859585
1593627360000	10.178	10.178	10.178	10.178	4.7859585
1593627420000	10.178	10.179	10.179	10.178	3.190639
1593628020000	10.176	10.171	10.176	10.171	450.0
1593630300000	10.159	10.159	10.159	10.159	9.93946665
1593632340000	10.177	10.177	10.177	10.177	3.678
1593632700000	10.164	10.165	10.165	10.164	42.804376500000004
1593632820000	10.157	10.157	10.157	10.157	0.6
1593633480000	10.139	10.1	10.139	10.1	118.78807551
1593633540000	10.103	10.104	10.104	10.103	154.53118725
1593637500000	10.161	10.161	10.161	10.161	36.0
1593637800000	10.182	10.182	10.182	10.182	4.34402329
1593638700000	10.152	10.152	10.152	10.152	0.6
1593642900000	10.13	10.114	10.13	10.114	47.6
1593643440000	10.121	10.121	10.121	10.121	43.77995547
1593643800000	10.121	10.153	10.153	10.121	104.06616835
1593644280000	10.151	10.151	10.151	10.151	56.98226711
1593645660000	10.184	10.184	10.184	10.184	20.0
1593646320000	10.16	10.16	10.16	10.16	7.66993741
1593646800000	10.16	10.16	10.16	10.16	66.04040494
1593646860000	10.181	10.181	10.181	10.181	1.6
1593647340000	10.153	10.153	10.153	10.153	3.784
1593648240000	10.158	10.158	10.158	10.158	1.4209
1593648300000	10.158	10.158	10.158	10.158	5.2049
1593648780000	10.168	10.168	10.168	10.168	63.97946118
1593649200000	10.19	10.189	10.191	10.189	82.03035062000001
1593653040000	10.217	10.217	10.217	10.217	4.0
1593655080000	10.23	10.23	10.23	10.23	43.73933156
1593655140000	10.239	10.24	10.24	10.239	55.482114460000005
1593655500000	10.262	10.263	10.263	10.262	61.275
1593656160000	10.278	10.278	10.278	10.278	33.94626685
1593656820000	10.279	10.279	10.279	10.279	3.8227878
1593657600000	10.264	10.264	10.264	10.264	10.0
1593657900000	10.271	10.271	10.271	10.271	10.0
1593660240000	10.262	10.261	10.262	10.261	30.96907698
1593660420000	10.257	10.257	10.257	10.257	21.72561078
1593660480000	10.266	10.267	10.267	10.266	41.28487953
1593662400000	10.28	10.281	10.281	10.28	252.65425268
1593662640000	10.28	10.28	10.28	10.28	6.82788832
1593663120000	10.272	10.271	10.272	10.271	21.045
1593663480000	10.24	10.237	10.24	10.237	32.764606
1593664380000	10.228	10.228	10.228	10.228	1.0
1593666600000	10.207	10.207	10.207	10.207	39.89408967
1593667860000	10.218	10.218	10.218	10.218	4.0
1593669060000	10.16	10.135	10.16	10.135	9.46548323
1593669120000	10.133	10.121	10.133	10.121	200.0
1593669300000	10.119	10.086	10.119	10.086	111.0
1593669600000	10.082	10.058	10.082	10.058	67.4
1593669660000	10.082	10.082	10.082	10.082	10.0
1593669960000	10.044	10.044	10.044	10.044	10.0
1593670020000	10.053	10.053	10.053	10.053	10.0
1593672060000	10.082	10.082	10.082	10.082	5.988
1593672960000	10.106	10.106	10.106	10.106	89.00050540000001
1593673020000	10.106	10.106	10.106	10.106	36.7265946
1593674160000	10.119	10.119	10.119	10.119	23.0
1593678780000	10.096	10.096	10.096	10.096	10.0
1593679500000	10.065	10.065	10.065	10.065	6.56
1593680100000	10.098	10.098	10.098	10.098	6.56
1593680700000	10.1	10.1	10.1	10.1	51.56685829
1593681600000	10.103	10.103	10.103	10.103	10.0
1593681960000	10.095	10.095	10.095	10.095	14.9
1593682980000	10.088	10.088	10.088	10.088	22.02
1593683100000	10.093	10.093	10.093	10.093	0.6
1593683460000	10.102	10.102	10.102	10.102	1.0
1593685620000	10.043	10.043	10.043	10.043	7.01
1593686340000	10.042	10.031	10.042	10.031	333.0
1593686460000	10.03	10.03	10.03	10.03	110.29280774
1593686880000	10.029	10.029	10.029	10.029	36.94151142
1593687060000	10.028	10.028	10.028	10.028	0.1
1593687840000	10.057	10.05	10.057	10.05	160.7698131
1593687900000	10.05	10.05	10.05	10.05	80.83565094
1593688560000	10.027	10.02	10.027	10.02	26.0
1593688620000	10.019	10.019	10.019	10.019	25.0
1593688740000	10.011	10.011	10.011	10.011	1.0
1593688860000	10.011	10.011	10.011	10.011	41.98901766
1593688980000	10.019	10.018	10.019	10.018	111.0
1593689400000	10.006	10.006	10.006	10.006	22.0
1593689520000	10.007	10.008	10.008	10.007	42.31813818
1593690660000	10.032	10.032	10.032	10.032	38.28930708
1593690720000	10.031	10.031	10.031	10.031	178.19546057
1593690780000	10.061	10.061	10.061	10.061	10.0
1593691440000	10.042	10.042	10.042	10.042	3.994839
1593691980000	10.038	10.048	10.048	10.038	51.513362
1593692640000	10.05	10.05	10.05	10.05	2.2431
1593693120000	10.098	10.1	10.1	10.098	36.87414474
1593694260000	10.114	10.114	10.114	10.114	35.83567695
1593694500000	10.114	10.115	10.115	10.114	61.58481166
1593695640000	10.131	10.131	10.131	10.131	15.541274820000002
1593696780000	10.108	10.11	10.11	10.108	36.34220706
1593699660000	10.111	10.111	10.111	10.111	1.0
1593700260000	10.114	10.114	10.114	10.114	4.89636052
1593700860000	10.117	10.118	10.118	10.117	47.35457984
1593702060000	10.069	10.069	10.069	10.069	102.78568187
1593702240000	10.005	9.9496	10.005	9.9496	456.90218514
1593702300000	9.9342	9.8687	9.9342	9.861	3598.34685243
1593702360000	9.8709	9.8988	9.9171	9.866	2361.52818071
1593702420000	9.8673	9.8666	9.8856	9.8662	2896.14645492
1593702480000	9.8983	9.8574	9.8983	9.8572	1035.84531645
1593702540000	9.8573	9.8516	9.8573	9.8491	1139.2816720600001
1593702600000	9.854	9.9014	9.9014	9.8417	2180.82996077
1593702660000	9.9013	9.8837	9.9362	9.8837	3111.6730809700002
1593702900000	9.8617	9.8263	9.8617	9.8263	142.0
1593702960000	9.8559	9.8559	9.8559	9.8559	25.3655171
1593703080000	9.9001	9.9001	9.9001	9.9001	11.7843049
1593703320000	9.948	9.948	9.948	9.948	12.49108604
1593703440000	9.9518	9.9519	9.9519	9.9518	15.547594980000001
1593703560000	9.9303	9.8939	9.9303	9.8939	38.44930327
1593703680000	9.9301	9.9301	9.9301	9.9301	23.4648163
1593703800000	9.9234	9.9234	9.9234	9.9234	23.2
1593703920000	9.94	9.94	9.94	9.94	11.00572123
1593704040000	9.9356	9.9356	9.9356	9.9356	10.72791365
1593704460000	9.9305	9.9305	9.9305	9.9305	10.67048518
1593704760000	9.94	9.94	9.94	9.94	5.87121212
1593704880000	9.949	9.95	9.95	9.949	45.12815358
1593705000000	9.9303	9.9303	9.9303	9.9303	6.61572623
1593705120000	9.91757925	9.91757925	9.91757925	9.91757925	0.6
1593705540000	9.8507	9.83	9.8507	9.83	157.59977915000002
1593705600000	9.83	9.8248	9.83	9.8109	79.46199263
1593705840000	9.8	9.8	9.8	9.8	3.0
1593706140000	9.8413	9.8517	9.8517	9.8376	4.3017975
1593706200000	9.8379	9.84388446	9.8441	9.8375	4.3017975
1593706260000	9.84912157	9.8559	9.8563	9.84912157	5.01876375
1593706320000	9.8553	9.8599	9.8624	9.8553	4.3017975
1593706380000	9.8572	9.83257975	9.8603	9.83257975	3.58483125
1593706440000	9.8395	9.8691	9.8721	9.8395	5.01876375
1593706500000	9.8717	9.8611	9.8717	9.8611	4.3017975
1593706560000	9.8637	9.8411	9.8657	9.8339	4.3017975
1593706620000	9.8439	9.8439	9.8439	9.8439	0.71696625
1593706860000	9.8582	9.8582	9.8582	9.8582	50.0
1593706980000	9.837	9.837	9.837	9.837	10.0
1593707100000	9.8383	9.8383	9.8383	9.8383	4.6
1593707160000	9.8335	9.8335	9.8335	9.8335	20.0
1593707220000	9.832	9.8312	9.832	9.8312	30.0
1593707280000	9.8433	9.8433	9.8433	9.8433	1.0
1593707820000	9.8584	9.8584	9.8584	9.8584	3.0
1593707880000	9.824	9.7801	9.824	9.7801	18.28955991
1593707940000	9.771	9.771	9.771	9.771	12.094999999999999
1593708000000	9.7711	9.7206	9.7711	9.7206	109.16719825
1593708060000	9.7206	9.7158043	9.7206	9.7158043	103.131027
1593708120000	9.7383	9.7384	9.7384	9.7383	48.79347597
1593708240000	9.7202	9.74	9.74	9.7202	356.781302
1593708720000	9.8423	9.8422	9.8423	9.8422	189.56897312
1593709140000	9.8362	9.8362	9.8362	9.8362	25.0
1593709320000	9.8248	9.8248	9.8248	9.8248	2.0
1593709560000	9.8335	9.8335	9.8335	9.8335	4.08
1593709620000	9.8335	9.8335	9.8335	9.8335	0.000613
1593709740000	9.8705	9.8705	9.8705	9.8705	16.41923072
1593709800000	9.8604	9.8604	9.8604	9.8604	11.25488777
1593709860000	9.8081	9.8081	9.8081	9.8081	0.8
1593710820000	9.8716	9.8999	9.8999	9.8716	45.7
1593710880000	9.9	9.9089	9.9089	9.9	27.7
1593711240000	9.8987	9.937	9.937	9.8987	5.4457138
1593711300000	9.8972	9.9268	9.9273	9.8972	66.71001124
1593711360000	9.9207	9.9207	9.9207	9.9207	2.5
1593711420000	9.8972	9.897	9.8972	9.897	49.69550033
1593713100000	9.9126	9.9315	9.9315	9.9115	371.81824143
1593713160000	9.8785	9.8785	9.8785	9.8785	9.32956065
1593713220000	9.8205	9.8203	9.8205	9.8203	40.0
1593713280000	9.8879	9.888	9.888	9.8879	52.85119722
1593713700000	9.9483	9.9483	9.9483	9.9483	24.7
1593714060000	9.9683	9.973	9.99764139	9.9683	162.57816563
1593714120000	9.9737	9.951	9.9737	9.951	343.59273934
1593714720000	9.9621	9.9621	9.9621	9.9621	3.6243246
1593714960000	9.9494	9.9493	9.9494	9.9493	38.77763829
1593715500000	9.9113	9.9109	9.9113	9.9109	19.0687427
1593715620000	9.8628	9.8627	9.8628	9.8627	22.32469382
1593716820000	9.8864	9.8864	9.8864	9.8864	22.4548
1593716880000	9.8312	9.8312	9.8312	9.8312	1.5
1593717180000	9.8441	9.8441	9.8441	9.8441	2.2452
1593717300000	9.9145	9.9146	9.9146	9.9145	88.50348117
1593721140000	9.9112	9.9112	9.9112	9.9112	7.758
1593721980000	9.9431	9.9495	9.9495	9.9431	74.7
1593722280000	9.9388	9.9388	9.9388	9.9388	0.78245078
1593723780000	9.942	9.942	9.942	9.942	10.0
1593723900000	9.954	9.954	9.954	9.954	45.511814
1593724800000	9.9154	9.9154	9.9154	9.9154	0.970028
1593725640000	9.9612	9.9612	9.9612	9.9612	61.30263504
1593725700000	9.9611	9.9611	9.9611	9.9611	2.0
1593725760000	9.9614	9.962	9.962	9.9614	45.810954839999994
1593725820000	9.962	9.962	9.962	9.962	2.21816833
1593725880000	9.962	9.962	9.962	9.962	37.74495134
1593725940000	9.962	9.962	9.962	9.962	43.2490094
1593727080000	9.9882	9.9882	9.9882	9.9882	3.9043691099999998
1593727140000	10.01	10.015	10.053	10.01	284.68994703
1593727260000	10.007	10.007	10.007	10.007	3.7781596
1593727620000	9.9983	9.9983	9.9983	9.9983	1.0
1593730440000	9.9493	9.9493	9.9493	9.9493	7.0
1593734580000	9.9104	9.9103	9.9104	9.9103	180.7287303
1593734640000	9.8828	9.8828	9.8828	9.8828	0.6
1593734820000	9.9156	9.8995	9.9156	9.8995	54.48871305
1593734880000	9.8799	9.8771	9.8839	9.8771	885.93712301
1593734940000	9.8771	9.8771	9.8771	9.8771	27.66560233
1593735000000	9.8686	9.8678	9.8686	9.8666	213.09525075
1593735540000	9.8932	9.8932	9.8932	9.8932	20.0
1593735600000	9.9132	9.9133	9.9133	9.9132	43.66811887
1593736800000	9.9121	9.9137	9.9137	9.9121	95.35683571999999
1593737700000	9.9161	9.9228	9.9228	9.9077	104.30222776000001
1593738840000	9.911	9.911	9.911	9.911	36.54706313
1593739260000	9.9401	9.9401	9.9401	9.9401	39.70774263
1593739560000	9.9561	9.9561	9.9561	9.9561	24.14165
1593739800000	9.9876	9.9876	9.9876	9.9876	3.90436911
1593740460000	9.999	9.9991	9.9991	9.999	41.14987634
1593742860000	10.009	10.009	10.009	10.009	37.32988891
1593742920000	10.01	10.01	10.01	10.01	7.0
1593743460000	10.023	10.023	10.023	10.023	82.796
1593743520000	10.023	10.023	10.023	10.023	41.67476126
1593744600000	9.9795	9.9795	9.9795	9.9795	4.49249472
1593748800000	9.9563	9.9584	9.9584	9.9563	7.65775858
1593750540000	9.9281	9.93387384	9.93387384	9.9281	8.99
1593751500000	9.9791	9.9791	9.9791	9.9791	41.21226118
1593751620000	9.9792	9.9792	9.9792	9.9792	1.182438
1593752160000	9.983	9.983	9.983	9.983	1.0
1593754800000	9.9211	9.9211	9.9211	9.9211	10.0
1593762540000	9.9613	9.9613	9.9613	9.9613	4.3591827400000005
1593762720000	9.9621	9.9621	9.9691	9.9621	57.52475603
1593762840000	9.96595923	9.96595923	9.96595923	9.96595923	12.054
1593762960000	9.9625	9.9625	9.9625	9.9625	158.41149791
1593763020000	9.9625	9.9625	9.9625	9.9625	48.78533745
1593763140000	9.9625	9.9625	9.9625	9.9625	22.47376057
1593764580000	10.001	10.001	10.001	10.001	200.64412226
1593764640000	10.001	10.001	10.001	10.001	41.70905125
1593765180000	10.001	10.001	10.001	10.001	78.93072507
1593765240000	10.001	10.001	10.001	10.001	19.96904815
1593765300000	10.0	10.0	10.0	10.0	104.52162258999999
1593765360000	10.0	9.999	10.0	9.999	96.09496286
1593765780000	9.9573	9.9573	9.9573	9.9573	4.0
1593765840000	9.9806	9.9575	9.9806	9.9575	5.0
1593767580000	9.9788	9.9788	9.9788	9.9788	3.486
1593768900000	9.98	9.98	9.98	9.98	1.0
1593769380000	9.9775	9.9718	9.9775	9.9718	300.0
1593769500000	9.9249	9.9097	9.9249	9.9097	76.90301357
1593770340000	9.9095	9.9095	9.9095	9.9095	1.009
1593770640000	9.8936	9.8905	9.8936	9.8905	170.0
1593770940000	9.8782	9.8855	9.8855	9.8782	3.9903789000000005
1593771000000	9.8855	9.8767	9.8855	9.8767	419.37329189999997
1593771060000	9.8767	9.8767	9.8767	9.8767	3.9903789000000005
1593771120000	9.8771	9.8771	9.8771	9.8771	3.9903789000000005
1593771180000	9.8771	9.8771	9.8771	9.8771	3.9903789000000005
1593771240000	9.8771	9.8792	9.8792	9.8771	3.9903789000000005
1593771300000	9.8796	9.8797	9.8797	9.8796	3.9903789000000005
1593771360000	9.8797	9.8797	9.8797	9.8797	3.9903789000000005
1593771420000	9.8797	9.8797	9.8797	9.8797	1.33012619
1593772020000	9.9345	9.9345	9.9345	9.9345	4.0
1593773640000	9.9011	9.9011	9.9011	9.9011	22.25026847
1593773760000	9.8914	9.8914	9.8914	9.8914	3.99
1593774420000	9.8915	9.8915	9.8915	9.8915	4.247019
1593774780000	9.897	9.897	9.897	9.897	33.74087063
1593775020000	9.8914	9.8914	9.8914	9.8914	11.36631096
1593775260000	9.8972	9.8972	9.8972	9.8972	0.75
1593775680000	9.94357599	9.94357599	9.94357599	9.94357599	0.65
1593776700000	9.9427	9.9432	9.9432	9.9427	31.32286868
1593777000000	9.9288	9.9288	9.9288	9.9288	20.0
1593777720000	9.9499	9.9499	9.9499	9.9499	94.77200793
1593777780000	9.9499	9.9499	9.95	9.9499	265.97455508
1593778080000	9.9654	9.9654	9.9654	9.9654	3.0
1593778380000	9.9308	9.9309	9.9309	9.9308	15.907342609999999
1593781260000	9.9618	9.9618	9.9618	9.9618	1.6929
1593781440000	9.9543	9.9544	9.9544	9.9543	39.70122567
1593781920000	9.9626	9.966	9.966	9.9626	366.77348385
1593782460000	9.9847	9.9847	9.9847	9.9847	8.82038568
1593782520000	9.9847	9.9847	9.9847	9.9847	7.10697573
1593782580000	9.9847	9.9847	9.9847	9.9847	21.16221165
1593782640000	9.9847	9.9847	9.9847	9.9847	16.94957218
1593782820000	9.9865	9.987	9.987	9.9865	17.45155901
1593782880000	9.9871	9.9871	9.9871	9.9871	7.0
1593784500000	9.9637	9.9637	9.9637	9.9637	10.0
1593789180000	9.9343	9.9343	9.9343	9.9343	0.90924016
1593790020000	9.9342	9.9342	9.9342	9.9342	12.34935297
1593790140000	9.9347	9.9347	9.9347	9.9347	25.16558957
1593790260000	9.9344	9.9344	9.9344	9.9344	25.16432302
1593790380000	9.9266	9.9266	9.9266	9.9266	25.16508294
1593790500000	9.9234	9.9234	9.9234	9.9234	25.17344503
1593790620000	9.9297	9.9297	9.9297	9.9297	25.18105176
1593790740000	9.9205	9.9205	9.9205	9.9205	25.18105176
1593790860000	9.9242	9.9242	9.9242	9.9242	16.78771875
1593790980000	9.9261	9.9261	9.9261	9.9261	25.19094738
1593791100000	9.9273	9.9273	9.9273	9.9273	25.18308099
1593791220000	9.9434	9.9274	9.9434	9.9274	91.00976296
1593791280000	9.9364	9.9347	9.9364	9.9347	61.61180634
1593791340000	9.92733207	9.92733207	9.92733207	9.92733207	12.07299
1593791460000	9.9274	9.928	9.928	9.9274	106.93981366999999
1593791640000	9.934	9.934	9.934	9.934	25.16964339
1593791760000	9.9404	9.9404	9.9404	9.9404	25.15343595
1593791880000	9.9448	9.9448	9.9448	9.9448	25.14129407
1593792000000	9.9364	9.9446	9.9446	9.9364	78.84084837
1593799380000	9.9092	9.9092	9.9092	9.9092	27.136
1593799620000	9.9064	9.9064	9.9064	9.9064	2.2967
1593799800000	9.8913	9.8913	9.8913	9.8913	0.6
1593800160000	9.8949	9.8949	9.8949	9.8949	40.09817255
1593800580000	9.914	9.914	9.914	9.914	84.91139762
1593801120000	9.9066	9.9066	9.9066	9.9066	24.5
1593801300000	9.8991	9.8991	9.8991	9.8991	107.52909164
1593802020000	9.9224	9.9224	9.9224	9.9224	0.6
1593802140000	9.9282	9.9301	9.9301	9.9282	150.13411005
1593803520000	9.8398	9.8358	9.8398	9.8358	3.1
1593805680000	9.8507	9.8507	9.8507	9.8507	0.9
1593805740000	9.8698	9.8698	9.8698	9.8698	53.65819402
1593806340000	9.8921	9.8921	9.8921	9.8921	0.75
1593808320000	9.8473	9.8471	9.8473	9.8471	91.67507802
1593808560000	9.8537	9.8507	9.8537	9.8507	65.95430764
1593808620000	9.8499	9.85	9.85	9.8499	27.21644229
1593808680000	9.8489	9.849	9.849	9.8489	24.06
1593808800000	9.849	9.849	9.849	9.849	36.61522722
1593809160000	9.855	9.855	9.855	9.855	52.942099999999996
1593810360000	9.8922	9.8922	9.8922	9.8922	0.65
1593811260000	9.8661	9.8661	9.8661	9.8661	1.0
1593811560000	9.8834	9.8834	9.8834	9.8834	30.0
1593812040000	9.8527	9.8527	9.8527	9.8527	5.12767745
1593814380000	9.8526	9.8526	9.8526	9.8526	58.80841401
1593815820000	9.844	9.844	9.844	9.844	20.0
1593816960000	9.8685	9.8685	9.8685	9.8685	0.85
1593817320000	9.8084	9.8084	9.8084	9.8084	3.934
1593817380000	9.8206	9.8206	9.8206	9.8206	10.0
1593818700000	9.82	9.82	9.82	9.82	3.0
1593819480000	9.8084	9.8	9.8084	9.8	116.066
1593819600000	9.8	9.8	9.8	9.8	8.058
1593820560000	9.7965	9.7965	9.7965	9.7965	0.6
1593821040000	9.7819	9.7819	9.7819	9.758	144.05781348
1593821160000	9.7819	9.7819	9.7819	9.7819	117.27025359000001
1593821220000	9.7819	9.7829	9.7829	9.7819	123.84588142
1593821280000	9.7829	9.783	9.783	9.7829	53.265535820000004
1593821400000	9.7829	9.7829	9.7829	9.7829	61.69716735
1593821460000	9.7829	9.7829	9.783	9.7829	68.74501287
1593821520000	9.7829	9.7829	9.7829	9.7829	3.73443108
1593821580000	9.7829	9.783	9.783	9.7829	116.67220927
1593821940000	9.7829	9.783	9.783	9.7829	132.91540795
1593822060000	9.7829	9.783	9.783	9.7829	58.225397099999995
1593822180000	9.7967	9.7968	9.7968	9.7967	15.32228297
1593822600000	9.8324	9.8324	9.8324	9.8324	11.40262428
1593823200000	9.8715	9.8743	9.8743	9.8715	38.27562599
1593825000000	9.8397	9.8397	9.8397	9.8397	1.2
1593825240000	9.8694	9.8767	9.8767	9.8694	167.06699596
1593825780000	9.8693	9.8693	9.8693	9.8693	19.27591018
1593828300000	9.8757	9.9	9.9	9.8757	33.52626065
1593828360000	9.9109	9.911	9.911	9.9109	45.485656819999996
1593829140000	9.9519	9.9519	9.9519	9.9519	0.8
1593829620000	9.9257	9.9257	9.9257	9.9257	0.72546165
1593830400000	9.9332	9.9331	9.9332	9.9331	10.0
1593830520000	9.9705	9.9705	9.9705	9.9705	0.65
1593830940000	9.9368	9.9368	9.9368	9.9368	7.0
1593832140000	9.9384	9.9386	9.9386	9.9384	7.7086665
1593832200000	9.9646	9.9387	9.9646	9.9386	8.7586665
1593832260000	9.9387	9.9387	9.9387	9.9387	7.7086665
1593832320000	9.9387	9.9387	9.9387	9.9386	6.42388875
1593832380000	9.9387	9.9335	9.9388	9.9335	8.99344425
1593832440000	9.9338	9.9339	9.9339	9.9337	6.42388875
1593832500000	9.9339	9.9217	9.9339	9.9217	7.7086665
1593832560000	9.9207	9.9207	9.9207	9.9207	8.99344425
1593832620000	9.9207	9.9207	9.9207	9.9207	2.5695555
1593833400000	9.9094	9.9094	9.9094	9.9094	11.986
1593834060000	9.9065	9.9065	9.9065	9.9065	2.03847634
1593834120000	9.9289	9.9289	9.9289	9.9289	20.0
1593835380000	9.901	9.901	9.901	9.901	4.566
1593836040000	9.9003	9.9003	9.9003	9.9003	4.0
1593836280000	9.8848	9.8293	9.8848	9.8291	6200.7
1593836340000	9.8293	9.8142	9.8293	9.8133	3801.5
1593836580000	9.8437	9.8437	9.8437	9.8437	80.70402904
1593836640000	9.8437	9.8437	9.8437	9.8437	20.0
1593836760000	9.844	9.844	9.844	9.844	20.0
1593836940000	9.844	9.8493	9.8494	9.844	207.50753485
1593837000000	9.8339	9.8339	9.8339	9.8339	1.05
1593837060000	9.8682	9.8682	9.8682	9.8682	1.25
1593838500000	9.8674	9.8642	9.8674	9.8642	45.78746918
1593838560000	9.863	9.8591	9.863	9.859	102.70999645
1593839040000	9.8517	9.8517	9.8517	9.8517	0.6
1593839160000	9.8668	9.8668	9.8668	9.8668	12.54406485
1593839220000	9.8668	9.8668	9.8668	9.8668	11.34788484
1593839280000	9.8754	9.8849	9.8849	9.8754	77.65917099
1593840180000	9.888	9.888	9.888	9.888	10.0
1593842940000	9.90226319	9.90226319	9.90226319	9.90226319	2.9196
1593843120000	9.90234841	9.9088	9.9088	9.90234841	444.0
1593847860000	9.9051	9.9051	9.9051	9.9051	1.556
1593847920000	9.8789	9.8789	9.8789	9.8789	1.63
1593851580000	9.8828	9.8828	9.8828	9.8828	8.62467559
1593858540000	9.868	9.868	9.868	9.868	7.0
1593859320000	9.8429	9.8429	9.8429	9.8429	0.7
