time	open	close	high	low	volumefrom
1390377600	29.14	24.75	24.81	24.75	1.901
1390381200	24.75	24.63	24.63	24.63	4.099
1390388400	25.46	23.31	25.46	23.31	1.5
1390392000	23.17	20.69	20.93	20.69	24.99
1390395600	23.31	22.39	23.32	22.39	38.98
1390399200	21.86	31.26	31.66	31.26	0.436
1390402800	22.39	25.37	25.37	22.39	10.0
1390410000	25.37	23.0	25.37	23.0	1.0
1390413600	30.23	33.88	33.94	33.37	8.405
1390417200	33.88	30.88	30.95	30.88	25.0
1390442400	23.0	22.85	23.0	22.85	5.007
1390446000	22.85	22.85	22.85	22.85	0.9927
1390467600	26.25	20.96	21.07	20.96	1.0
1390471200	20.96	31.62	31.85	31.62	33.9
1390474800	22.85	23.73	23.73	22.85	0.6321
1390478400	22.97	22.85	22.97	22.85	13.99
1390482000	23.73	22.5	23.73	22.5	114.0
1390485600	22.5	22.6	22.6	22.5	0.2569
1390496400	22.6	22.71	22.71	22.6	0.2461
1390503600	22.71	22.71	22.71	22.71	0.9957
1390507200	22.71	22.3	22.71	22.3	3.137
1390514400	25.51	23.97	24.61	23.97	0.033
1390521600	22.3	22.73	22.73	22.3	1.0
1390528800	23.07	22.41	23.13	22.41	57.67
1390532400	22.25	22.25	22.25	22.25	0.8465
1390536000	22.25	22.8	22.89	22.25	52.4
1390539600	22.8	21.32	22.8	21.32	64.94
1390543200	21.32	21.67	21.67	20.5	46.58
1390546800	21.67	20.5	21.67	20.5	7.793
1390550400	20.5	21.01	21.01	20.5	20.11
1390554000	21.01	21.01	21.01	21.01	0.9989
1390561200	21.01	22.19	22.19	21.01	3.784
1390564800	21.59	20.9	21.11	20.9	28.76
1390572000	22.01	21.01	22.3	21.01	1.938
1390575600	21.87	21.61	21.61	21.52	15.0
1390579200	21.01	21.01	21.01	21.01	0.8204
1390582800	21.01	20.5	21.01	20.5	6.62
1390586400	20.5	21.05	21.05	20.5	7.0
1390590000	21.05	21.25	21.25	21.05	6.832
1390593600	21.25	21.25	21.25	21.25	25.35
1390600800	21.72	25.56	25.56	25.34	33.36
1390608000	21.05	20.71	21.05	20.71	1.315
1390640400	21.27	21.41	21.41	21.11	2.231
1390651200	20.71	21.0	21.0	20.71	74.33
1390654800	21.0	21.0	21.0	21.0	8.49
1390658400	21.0	22.0	22.0	21.0	22.59
1390665600	22.0	20.29	22.0	20.29	1.0
1390672800	20.29	22.32	22.32	20.29	0.2961
1390676400	22.32	22.32	22.32	20.8	10.39
1390687200	22.32	22.26	22.35	22.26	18.03
1390694400	22.26	22.26	22.26	22.26	27.48
1390719600	22.26	22.3	23.0	22.26	31.53
1390723200	22.3	22.0	22.3	22.0	92.21
1390730400	22.0	22.4	22.4	22.0	26.12
1390734000	22.4	22.0	22.5	22.0	54.45
1390737600	22.0	22.01	22.01	22.0	2.0
1390748400	22.21	22.68	22.68	22.34	30.0
1390752000	22.68	22.42	22.54	22.42	33.36
1390755600	23.05	23.99	24.0	23.05	74.48
1390759200	22.61	22.3	22.43	22.3	10.32
1390762800	22.3	22.36	22.36	22.3	104.0
1390770000	23.93	22.34	23.93	22.34	1.48
1390773600	25.51	20.39	20.39	20.37	1.235
1390806000	22.34	22.56	22.56	22.34	0.9828
1390813200	22.56	22.55	22.56	22.55	7.961
1390820400	22.55	22.55	23.5	22.55	1.173
1390824000	22.55	22.49	22.55	22.49	228.3
1390827600	22.49	22.49	22.49	22.49	12.91
1390831200	22.49	22.49	22.49	22.49	2.464
1390834800	22.22	22.09	22.55	22.09	10.0
1390838400	22.11	22.11	22.11	22.11	7.998
1390842000	22.09	21.49	21.9	21.49	11.73
1390845600	22.11	21.5	22.11	21.5	77.78
1390849200	21.5	23.49	23.49	21.5	13.67
1390852800	23.49	23.19	23.49	20.81	13.2
1390856400	23.19	21.2	23.19	21.2	2.469
1390860000	20.67	20.9	20.94	20.54	15.78
1390863600	21.2	20.78	23.2	20.78	73.43
1390867200	20.78	20.5	20.78	20.29	10.34
1390870800	20.5	20.5	20.5	20.5	0.2498
1390903200	29.64	26.22	26.22	26.08	10.0
1390910400	20.91	21.17	21.17	21.17	2.788
1390914000	21.17	21.28	21.28	21.28	0.25
1390917600	21.28	21.33	21.65	21.33	2.492
1390921200	21.33	22.08	22.08	22.08	4.434
1390924800	21.08	28.52	28.52	28.52	1.0
1390928400	20.5	21.88	23.0	20.5	27.67
1390935600	30.72	22.45	22.45	22.45	7.025
1390950000	21.88	22.88	22.88	21.88	42.95
1390953600	23.7	31.39	31.39	31.39	14.3
1390957200	21.71	22.04	22.09	21.71	20.66
1390978800	31.32	22.4	22.75	22.4	0.8005
1390986000	22.88	21.33	22.88	21.32	10.38
1390996800	21.33	21.14	21.33	21.14	9.995
1391000400	21.14	22.49	22.49	21.14	8.647
1391007600	21.05	23.05	23.5	23.05	1.543
1391014800	22.49	21.07	22.49	21.07	58.15
1391032800	20.74	21.49	21.49	20.85	10.0
1391036400	20.8	21.7	21.7	20.8	8.667
1391047200	21.7	20.91	21.7	20.91	5.91
1391061600	20.91	21.99	21.99	20.91	0.1455
1391065200	21.99	20.62	21.99	20.62	2.0
1391072400	21.17	21.51	21.54	21.51	11.17
1391079600	20.62	20.67	20.67	20.62	1.0
1391094000	21.33	21.33	21.33	21.33	1.467
1391119200	21.85	25.16	25.98	25.16	0.53
1391126400	20.72	21.27	21.61	20.72	11.04
1391148000	21.27	21.25	21.27	21.25	1.0
1391176800	21.25	21.25	21.25	21.25	1.0
1391194800	21.25	21.22	21.25	21.22	35.0
1391198400	21.22	21.02	21.22	21.02	0.093
1391202000	21.02	21.59	21.59	21.02	0.09031
1391205600	21.59	21.14	21.59	21.14	4.0
1391209200	21.14	21.59	21.59	21.14	0.03496
1391227200	21.59	21.6	21.6	21.59	4.702
1391230800	21.6	21.6	21.6	21.6	1.695
1391241600	21.6	21.3	21.6	21.3	11.7
1391252400	30.41	29.54	29.54	28.72	2.043
1391256000	21.3	22.0	22.0	21.3	5.742
1391263200	22.0	22.66	22.66	22.0	4.842
1391266800	22.66	22.52	22.66	22.52	3.317
1391270400	22.31	22.52	22.52	22.17	10.0
1391277600	20.23	20.21	20.21	20.21	0.01122
1391281200	22.52	21.46	22.52	21.46	0.25
1391288400	33.46	22.7	22.92	22.7	6.0
1391295600	25.2	27.4	27.4	27.4	9.0
1391331600	26.14	24.72	24.78	24.72	20.14
1391342400	23.17	26.12	26.12	25.65	32.65
1391356800	21.46	21.87	21.87	21.46	11.26
1391360400	22.96	22.12	22.53	22.12	20.0
1391367600	27.41	21.98	21.98	21.66	26.27
1391378400	22.66	22.51	22.51	22.45	32.76
1391410800	21.87	21.69	21.87	21.69	1.86
1391418000	23.99	21.2	23.99	21.2	1.0
1391443200	26.18	24.54	24.64	24.54	1.0
1391446800	24.54	31.0	31.0	30.84	11.56
1391450400	21.69	21.41	21.69	21.41	1.772
1391457600	22.71	26.53	26.53	26.44	25.0
1391461200	26.53	23.17	23.25	23.17	4.17
1391464800	23.17	23.07	23.07	23.07	2.48
1391482800	21.68	21.87	21.87	21.87	0.35
1391486400	21.87	21.43	21.68	21.43	1.2
1391490000	21.41	21.25	21.48	21.24	13.0
1391493600	28.02	24.64	24.64	24.64	10.12
1391497200	24.64	29.07	29.07	29.07	3.48
1391500800	21.25	21.28	21.28	21.25	8.422
1391508000	21.68	21.58	21.58	20.85	39.54
1391522400	21.28	21.32	21.32	21.17	11.76
1391526000	21.32	21.05	21.32	21.05	2.253
1391529600	27.02	25.58	25.63	25.57	8.466
1391533200	21.05	21.4	21.4	21.05	1.49
1391540400	21.4	21.65	21.65	21.01	4.544
1391547600	21.65	21.07	21.65	21.07	24.5
1391605200	21.99	21.31	21.99	21.31	0.9943
1391608800	21.07	21.09	21.09	21.06	4.824
1391612400	21.09	21.07	21.17	21.07	87.0
1391616000	21.07	21.7	21.7	21.07	3.815
1391619600	21.7	21.21	21.7	21.21	1.0
1391623200	21.21	21.21	21.21	21.21	4.692
1391630400	21.21	21.01	21.21	21.0	43.0
1391634000	21.01	21.0	21.01	21.0	1.727
1391641200	21.0	21.2	21.2	21.0	6.756
1391644800	21.26	21.25	21.25	21.18	4.827
1391648400	21.2	20.99	21.2	20.99	0.4218
1391666400	19.08	19.66	19.66	19.27	0.6641
1391670000	19.66	19.4	19.4	19.4	0.1941
1391673600	20.99	20.6	20.99	20.6	12.24
1391677200	21.01	20.57	21.01	20.57	4.76
1391680800	20.57	20.62	20.62	20.38	4.74
1391684400	20.6	21.47	21.47	20.6	0.252
1391698800	21.47	21.45	21.47	20.33	15.71
1391724000	27.75	23.87	23.87	23.8	24.92
1391727600	21.45	19.8	21.55	19.8	23.49
1391742000	20.08	19.82	20.08	19.82	10.0
1391752800	19.65	19.51	19.65	19.51	20.96
1391756400	19.51	19.0	19.51	19.0	4.894
1391760000	19.0	18.1	19.0	17.31	44.82
1391763600	18.05	18.81	18.83	18.55	18.23
1391767200	17.21	17.75	17.75	17.21	1.6
1391770800	18.79	18.77	18.77	18.63	10.0
1391781600	19.64	19.65	19.65	19.64	1.001
1391785200	19.84	19.69	19.71	19.69	10.0
1391792400	19.65	19.75	19.75	19.65	5.0
1391803200	19.75	19.29	19.75	19.29	1.0
1391810400	19.29	18.89	19.29	18.88	10.0
1391814000	19.19	18.87	19.18	18.87	9.5
1391817600	18.89	18.89	18.89	18.89	1.8
1391821200	18.6	18.76	18.76	18.76	3.18
1391824800	18.0	18.0	18.0	18.0	2.619
1391857200	18.89	18.77	18.89	18.77	1.0
1391864400	18.77	20.29	20.29	18.77	47.0
1391868000	18.0	18.0	18.0	18.0	0.9715
1391875200	20.29	20.27	20.29	20.27	5.0
1391878800	20.27	18.53	20.27	18.53	21.78
1391886000	18.53	18.53	18.53	18.53	15.42
1391889600	18.61	19.15	19.15	18.86	10.0
1391893200	18.53	18.51	18.53	18.51	7.0
1391896800	18.51	18.5	18.51	18.5	44.57
1391900400	18.5	17.5	18.5	17.5	33.65
1391904000	18.38	18.52	18.52	18.52	0.3
1391907600	18.52	18.15	18.15	18.15	3.0
1391911200	17.5	18.5	18.5	17.5	17.99
1391947200	18.42	19.01	19.01	18.87	37.0
1391950800	18.94	18.95	18.95	17.0	36.49
1391954400	18.95	19.0	19.0	18.95	1.0
1391958000	19.07	18.73	18.88	18.73	1.0
1391965200	18.45	19.09	19.09	18.45	12.75
1391976000	19.0	18.5	19.0	18.5	3.0
1391979600	18.5	18.7	19.81	18.5	33.94
1391983200	19.08	18.5	18.89	18.5	1.45
1391990400	18.7	17.97	18.7	17.97	0.646
1392019200	18.74	18.59	18.59	18.55	14.5
1392022800	18.59	18.75	18.96	18.75	20.0
1392026400	18.75	17.74	17.95	17.74	83.91
1392030000	17.99	14.06	17.99	14.0	297.71
1392037200	16.83	16.65	17.11	16.65	55.14
1392040800	16.26	13.0	16.18	13.0	1.147
1392044400	14.06	17.9	17.9	14.06	1.0
1392055200	18.12	14.73	14.73	14.33	0.1333
1392069600	13.4	13.5	13.5	13.5	0.5
1392091200	18.45	18.46	18.6	18.46	20.0
1392094800	18.46	18.56	18.64	18.56	2.542
1392102000	29.1	16.96	16.96	16.94	117.36
1392105600	18.57	18.34	18.38	18.34	20.0
1392112800	16.8	18.26	18.26	18.08	0.4216
1392120000	18.27	18.7	18.78	18.7	24.51
1392123600	18.19	17.54	17.68	17.54	1.073
1392127200	25.21	19.8	19.87	19.8	13.37
1392130800	17.9	19.69	19.69	17.9	0.628
1392141600	19.69	17.35	19.69	15.7	313.63
1392145200	17.35	16.3	17.35	16.3	29.93
1392156000	17.97	17.86	17.97	17.86	117.37
1392159600	17.86	17.82	17.82	17.39	3.0
1392195600	16.3	17.5	17.5	16.3	27.9
1392199200	17.49	18.25	18.45	18.25	16.4
1392202800	17.5	19.49	19.49	17.5	0.106
1392224400	26.04	18.59	18.88	18.59	1.0
1392231600	17.56	17.64	17.64	17.37	0.35
1392246000	16.17	18.54	18.54	18.54	0.005
1392274800	19.49	16.93	19.49	16.93	1.79
1392282000	17.82	17.36	17.42	17.29	31.17
1392296400	17.57	17.44	17.57	17.44	2.0
1392310800	17.44	17.09	17.09	17.09	0.85
1392314400	16.93	16.42	16.93	16.38	180.0
1392321600	17.06	16.81	17.01	16.81	15.0
1392325200	13.14	12.9	12.97	12.9	1.116
1392346800	16.42	14.37	16.42	14.37	33.65
1392357600	14.37	15.25	15.25	14.37	0.5453
1392361200	15.25	15.25	15.25	15.25	4.043
1392364800	15.43	14.8	15.21	14.8	56.2
1392372000	16.0	16.0	16.0	15.99	34.26
1392382800	16.0	16.0	16.24	16.0	10.56
1392386400	16.0	15.89	16.0	15.89	1.687
1392397200	22.66	22.22	22.22	22.08	0.6806
1392404400	16.0	16.84	16.84	16.0	1.996
1392411600	16.84	16.76	16.84	16.76	1.0
1392451200	16.76	16.28	16.76	16.28	1.4
1392476400	16.59	16.69	16.69	16.31	2.0
1392487200	16.99	16.45	16.73	16.45	4.47
1392534000	16.55	16.71	16.71	16.71	2.04
1392570000	15.66	16.53	16.53	15.89	0.995
1392591600	16.28	15.23	16.28	15.23	11.69
1392595200	17.5	15.0	17.5	15.0	0.007778
1392616800	15.0	0.16	15.0	0.16	0.003705
1392627600	16.67	15.66	16.6	15.66	5.42
1392634800	15.54	16.74	16.74	16.16	2.999
1392638400	15.89	16.46	16.46	15.99	2.815
1392642000	16.46	16.29	16.29	16.29	3.288
1392645600	19.71	20.51	20.61	20.51	2.0
1392656400	18.65	17.88	18.24	17.88	3.535
1392660000	15.24	15.25	15.25	15.24	22.61
1392663600	16.44	15.88	16.26	15.88	3.0
1392670800	15.25	15.76	15.76	15.25	0.3992
1392678000	15.71	15.63	15.63	15.63	0.1827
1392685200	15.63	16.15	16.15	15.83	0.4589
1392692400	16.11	16.19	16.19	16.19	0.1359
1392710400	15.82	15.78	15.91	15.78	6.54
1392714000	15.91	15.99	15.99	15.99	0.1551
1392724800	16.07	15.98	15.98	15.98	0.68
1392739200	15.75	15.72	15.72	15.72	0.0804
1392742800	15.59	16.05	16.05	15.67	4.0
1392753600	15.76	15.65	15.76	15.65	0.1
1392760800	15.65	17.28	17.28	15.63	52.47
1392782400	16.81	27.39	27.5	26.4	0.2321
1392786000	27.39	26.76	26.76	26.65	7.905
1392789600	26.76	26.8	26.8	26.8	0.06395
1392793200	17.28	15.81	17.28	15.81	1.041
1392804000	15.94	15.68	15.98	15.68	23.19
1392807600	15.81	15.81	15.81	15.81	3.615
1392811200	15.81	17.41	17.41	15.81	3.271
1392814800	21.86	19.7	24.63	19.7	0.01979
1392825600	14.19	18.94	18.94	15.15	0.01139
1392840000	17.41	15.83	17.41	15.83	0.2407
1392868800	15.83	15.83	17.2	15.83	5.015
1392872400	15.83	17.2	17.2	15.83	45.17
1392883200	17.2	15.82	17.2	15.82	13.66
1392886800	15.82	15.61	15.82	15.61	2.55
1392908400	15.61	15.81	15.81	15.61	37.32
1392915600	15.81	14.77	15.81	14.77	61.83
1392919200	14.77	14.77	14.77	14.77	7.909
1392937200	14.77	15.95	15.95	14.35	61.48
1392940800	15.95	14.34	15.95	14.34	61.61
1392976800	14.9	14.47	14.55	14.47	7.96
1392998400	14.34	14.7	14.7	14.34	0.1
1393002000	14.7	14.7	14.7	14.7	27.5
1393005600	14.7	14.89	14.89	14.5	29.41
1393016400	18.24	12.88	18.32	12.88	0.695
1393034400	14.89	14.23	15.63	14.23	17.74
1393052400	12.88	18.16	18.16	12.77	0.3289
1393059600	22.06	21.62	21.62	21.62	0.1769
1393063200	14.48	13.32	14.48	13.32	13.69
1393092000	15.05	15.27	15.27	14.99	1.62
1393099200	19.06	19.33	19.33	15.1	3.557
1393102800	19.33	19.15	19.15	19.15	2.533
1393131600	20.0	35.12	35.12	33.72	0.11
1393146000	13.32	15.94	15.94	13.32	7.663
1393149600	15.94	16.62	16.62	15.94	49.06
1393160400	16.62	15.79	16.62	15.79	1.14
1393164000	15.79	14.92	15.79	14.92	12.0
1393171200	14.92	16.61	16.61	14.92	3.813
1393174800	15.79	16.03	16.04	16.03	5.0
1393182000	15.88	15.81	15.87	15.81	2.122
1393189200	16.61	15.0	16.61	15.0	31.27
1393200000	15.61	15.58	15.58	15.53	10.0
1393214400	15.0	15.0	15.0	15.0	7.907
1393218000	15.0	14.77	15.0	14.77	23.12
1393225200	14.77	14.21	14.77	14.21	1.862
1393243200	15.96	24.87	24.96	24.87	0.3136
1393254000	14.21	14.58	15.93	14.21	30.73
1393264800	14.52	14.35	14.35	14.24	18.31
1393272000	14.58	15.4	15.4	14.58	0.02013
1393275600	15.4	14.41	15.4	14.41	21.55
1393279200	14.41	15.22	15.22	14.41	36.45
1393286400	14.93	14.97	14.97	14.76	23.1
1393293600	15.22	14.2	15.22	14.2	75.98
1393297200	14.2	13.49	14.2	13.34	64.88
1393304400	13.49	12.77	13.49	11.13	319.15
1393308000	12.77	11.71	13.09	11.71	116.56
1393311600	11.71	12.17	12.17	11.54	33.78
1393315200	12.7	12.36	12.66	12.36	46.0
1393318800	12.36	12.36	12.36	12.35	79.0
1393322400	12.1	13.0	13.0	12.1	18.49
1393329600	12.6	12.72	12.72	12.72	8.935
1393336800	16.09	13.03	16.41	13.03	0.001996
1393340400	12.97	13.7	13.7	13.36	5.0
1393362000	13.0	14.42	14.42	13.0	23.79
1393376400	14.42	14.5	14.5	14.42	17.39
1393380000	14.5	14.56	14.61	14.48	14.41
1393383600	14.56	14.13	14.56	14.13	37.5
1393387200	0.16	7.0	7.0	0.16	0.1098
1393394400	14.13	15.14	15.14	14.13	130.7
1393398000	15.14	15.9	15.9	15.12	40.47
1393401600	15.9	16.61	16.61	15.9	100.8
1393405200	15.44	15.19	15.19	14.89	29.0
1393408800	16.61	14.59	16.61	14.59	13.7
1393412400	14.59	15.4	15.41	14.59	15.32
1393416000	15.4	15.5	15.5	15.4	5.463
1393423200	15.5	14.5	15.5	14.5	6.607
1393430400	14.5	15.84	15.84	14.5	227.19
1393441200	15.84	15.85	15.85	15.84	19.4
1393462800	15.85	15.84	15.85	14.93	1.458
1393495200	15.03	14.75	15.0	14.75	10.0
1393498800	14.66	14.59	14.66	14.59	10.05
1393502400	14.59	14.59	14.59	14.59	1.389
1393506000	14.59	14.99	14.99	14.59	2.153
1393509600	14.99	14.84	15.0	14.84	49.86
1393520400	14.84	14.85	14.85	14.84	18.0
1393524000	14.85	15.0	15.0	14.85	3.0
1393527600	15.0	15.02	15.02	15.0	17.13
1393531200	15.02	14.84	15.02	14.84	31.3
1393570800	7.0	14.0	14.0	7.0	0.1096
1393578000	14.84	14.8	14.84	14.8	20.43
1393581600	14.8	14.5	14.8	14.5	81.04
1393588800	21.13	14.82	15.43	14.82	32.64
1393592400	14.5	14.0	14.5	14.0	8.819
1393596000	13.68	14.21	14.21	13.92	13.36
1393617600	14.0	14.59	14.59	14.0	1.833
1393621200	14.59	15.05	15.05	14.58	45.05
1393632000	14.06	14.02	14.02	13.97	3.99
1393664400	14.93	12.4	12.4	12.25	9.86
1393668000	15.05	13.54	15.05	13.54	18.42
1393671600	17.93	19.2	19.92	19.2	10.6
1393675200	0.1346	0.1498	0.1498	0.1276	0.1774
1393682400	13.19	13.39	13.39	13.39	11.47
1393686000	0.1506	1.556	1.556	0.1501	0.2705
1393693200	1.556	14.49	14.49	1.623	0.249
1393722000	13.8	13.8	13.81	13.8	14.99
1393736400	13.33	13.25	13.25	13.24	12.98
1393743600	14.0	14.0	14.0	14.0	0.5598
1393761600	13.96	11.17	13.9	11.17	0.06849
1393776000	13.22	13.26	13.27	13.26	15.71
1393779600	13.26	13.24	13.24	13.24	10.17
1393794000	13.54	12.86	13.54	12.86	9.084
1393797600	11.14	1.646	11.03	1.646	6.467
1393804800	12.86	13.34	13.34	12.86	2.977
1393808400	13.48	13.45	14.24	13.45	15.34
1393815600	13.34	13.02	13.34	13.02	1.908
1393822800	13.43	13.02	13.59	13.02	99.0
1393826400	13.02	12.33	12.78	12.33	26.02
1393830000	13.02	12.86	13.02	12.86	2.919
1393840800	12.86	14.14	14.15	12.86	25.06
1393855200	1.745	2.323	2.323	1.742	4.0
1393858800	2.323	2.391	2.391	2.391	0.995
1393862400	14.14	13.51	14.14	13.51	20.14
1393869600	13.51	15.39	15.49	13.51	87.75
1393873200	14.91	17.44	17.44	14.67	95.53
1393876800	15.39	14.51	15.39	14.51	0.7511
1393884000	17.0	13.67	17.18	13.67	7.654
1393887600	14.51	14.24	14.72	14.24	11.14
1393891200	14.24	14.72	14.72	14.24	9.851
1393898400	14.72	15.8	15.8	14.72	20.19
1393902000	15.8	15.73	15.8	15.73	1.55
1393909200	15.73	14.94	15.73	14.94	1.594
1393916400	14.94	15.85	15.85	14.94	31.0
1393923600	15.85	17.2	17.7	14.89	50.42
1393927200	17.2	17.43	18.64	16.64	79.1
1393930800	17.43	17.49	17.9	16.26	84.53
1393934400	17.49	16.76	18.62	16.76	48.65
1393938000	16.76	18.32	18.92	18.02	46.13
1393941600	17.81	18.14	18.14	17.86	44.49
1393945200	19.9	18.0	19.9	18.0	3.444
1393948800	17.84	18.08	18.08	17.74	88.5
1393952400	18.93	17.52	18.93	17.52	21.91
1393956000	17.52	18.17	18.17	17.52	6.572
1393959600	18.17	17.52	18.17	17.52	0.9909
1393963200	17.52	17.52	17.52	17.52	0.005808
1393966800	17.52	16.83	17.52	16.83	10.6
1393970400	16.83	17.11	17.11	16.83	10.1
1393977600	17.11	18.03	18.03	17.11	11.63
1394006400	18.03	17.18	18.03	17.18	1.746
1394010000	17.18	15.25	17.18	15.01	45.09
1394020800	17.64	16.23	17.53	16.23	8.36
1394028000	7.869	28.0	28.0	7.814	0.26
1394035200	15.25	17.34	17.34	15.25	3.1
1394046000	16.28	16.21	16.21	16.21	5.9
1394071200	17.34	17.5	17.5	17.33	13.93
1394096400	17.5	17.0	17.5	16.88	23.96
1394100000	17.0	17.0	17.0	17.0	1.0
1394128800	17.0	16.82	17.0	16.82	7.0
1394139600	16.06	16.12	16.12	16.12	8.0
1394186400	16.82	16.53	16.82	16.43	10.37
1394190000	16.76	16.41	16.41	16.41	42.82
1394197200	16.57	16.31	16.63	16.31	14.63
1394200800	16.46	16.45	16.46	16.45	55.0
1394204400	16.23	16.02	16.02	16.02	10.87
1394208000	16.45	16.45	16.45	16.45	3.931
1394211600	16.45	16.45	16.45	16.45	0.9266
1394218800	16.45	16.43	16.45	16.43	1.97
1394222400	16.43	16.45	16.45	16.43	0.7102
1394233200	16.45	16.89	16.89	16.45	0.3605
1394258400	16.89	15.56	16.89	15.56	4.393
1394272800	26.29	22.74	26.43	22.74	0.04773
1394287200	22.26	19.68	22.14	19.68	0.01953
1394330400	15.56	16.46	16.46	15.56	10.93
1394337600	16.46	16.33	16.46	16.33	4.25
1394352000	19.88	19.9	19.9	19.9	0.3603
1394355600	15.73	15.92	15.92	15.92	19.12
1394359200	16.33	16.6	16.6	16.13	9.3
1394366400	16.6	16.97	16.97	15.73	19.25
1394373600	16.97	16.97	16.97	16.11	1.029
1394384400	16.97	16.78	16.97	16.78	0.0262
1394388000	16.78	16.1	16.78	16.1	6.846
1394395200	16.1	16.01	16.1	16.01	3.969
1394402400	16.01	16.16	16.16	16.01	0.78
1394406000	16.29	16.37	16.37	16.37	0.41
1394409600	16.16	15.98	16.16	15.98	2.0
1394431200	15.98	16.6	16.6	15.98	0.8538
1394438400	16.6	16.27	16.6	16.27	1.0
1394442000	16.27	16.7	16.7	16.27	4.596
1394445600	16.7	16.15	16.7	16.15	1.003
1394449200	16.15	16.7	16.7	16.15	0.5418
1394452800	15.96	15.85	15.85	15.85	0.06
1394467200	16.7	16.21	16.7	16.21	60.14
1394470800	16.21	16.7	16.7	16.21	3.777
1394478000	16.7	16.7	16.7	16.7	58.15
1394485200	16.7	16.21	16.7	16.21	0.4846
1394488800	13.28	15.68	15.68	13.32	0.3023
1394503200	15.86	12.25	15.86	12.25	0.2485
1394510400	14.0	14.62	14.62	14.0	0.0009422
1394514000	12.24	15.36	15.36	12.24	0.2346
1394521200	15.32	12.81	15.3	12.81	0.988
1394524800	12.81	13.51	13.51	12.9	0.3762
1394542800	13.47	13.75	13.75	13.44	0.4
1394546400	14.62	14.61	14.62	14.61	0.8511
1394553600	16.21	16.7	16.7	16.21	1.159
1394557200	16.7	16.22	16.7	16.22	0.06502
1394571600	16.22	16.22	16.22	16.22	0.4427
1394589600	16.22	16.7	16.7	16.22	2.727
1394600400	16.7	16.99	16.99	16.7	1.571
1394607600	16.04	16.03	16.03	16.03	0.5886
1394614800	16.11	16.21	16.21	16.07	2.181
1394618400	16.99	17.06	17.06	16.85	11.95
1394622000	16.05	16.14	16.14	16.14	2.398
1394625600	17.06	17.09	17.09	17.06	20.36
1394629200	17.09	17.13	17.13	17.09	2.666
1394632800	16.0	20.49	20.49	16.14	0.1
1394640000	16.87	17.31	17.31	16.91	55.11
1394647200	17.77	17.75	17.77	17.71	44.22
1394650800	17.75	17.75	17.75	17.2	31.98
1394654400	17.75	17.75	17.75	17.75	34.5
1394658000	17.75	17.75	17.75	17.75	5.434
1394661600	17.75	17.75	17.75	17.75	5.887
1394665200	17.75	17.75	17.75	17.75	39.32
1394668800	17.75	17.21	17.75	17.21	31.02
1394683200	17.21	17.22	17.22	17.21	0.4787
1394697600	16.84	15.03	16.91	15.03	0.2728
1394701200	15.03	14.27	15.47	14.27	8.181
1394704800	14.27	6.909	14.19	6.909	0.5934
1394708400	14.45	17.8	17.8	14.45	0.03186
1394712000	17.38	17.07	17.45	17.07	0.3188
1394722800	17.22	17.75	17.75	17.22	5.7
1394733600	17.75	17.0	17.75	17.0	0.8932
1394748000	17.0	17.78	17.78	17.0	6.0
1394755200	6.878	13.19	13.82	6.91	4.99
1394773200	17.29	17.3	17.3	17.29	0.2
1394776800	17.3	17.84	17.84	17.3	6.0
1394780400	13.07	18.69	18.69	13.09	0.008
1394784000	18.69	13.2	18.66	13.2	0.0998
1394802000	17.84	17.3	17.84	17.3	6.76
1394809200	17.3	17.63	17.63	17.3	1.036
1394834400	17.63	17.5	17.63	17.46	1.585
1394838000	17.5	17.0	17.5	17.0	0.4821
1394845200	17.0	17.0	17.0	16.87	4.832
1394848800	17.0	17.0	17.0	17.0	1.072
1394852400	14.49	16.83	16.83	14.42	0.0996
1394874000	16.84	16.85	16.85	16.85	0.498
1394881200	16.82	18.04	18.04	16.8	0.4775
1394895600	18.16	18.13	18.13	18.13	0.03326
1394899200	16.76	15.55	16.79	15.55	0.01
1394910000	17.0	17.74	17.74	17.0	0.03
1394913600	17.74	17.16	17.74	17.16	1.0
1394920800	15.57	16.59	16.59	15.65	1.0
1394924400	17.16	17.16	17.16	17.16	0.07792
1394942400	18.1	14.59	18.21	14.59	1.165
1394946000	14.59	13.19	14.55	13.19	2.0
1394949600	13.19	14.55	14.55	13.18	0.2406
1394953200	14.55	14.57	14.57	13.2	0.1588
1394956800	14.57	14.41	14.41	14.41	2.088
1394960400	14.41	14.53	14.53	13.1	1.725
1394964000	14.53	14.5	14.5	14.5	0.1037
1394967600	14.5	14.41	14.41	14.41	0.1767
1394974800	16.39	16.04	16.35	16.04	2.09
1394978400	16.04	16.73	16.73	16.17	9.458
1394989200	17.16	17.9	17.9	17.16	4.0
1394992800	17.9	17.6	17.9	17.6	1.072
1394996400	17.6	17.18	17.6	17.18	1.772
1395014400	17.18	17.9	17.9	17.18	3.361
1395021600	17.8	14.42	17.8	14.42	0.003094
1395025200	17.9	17.9	17.9	17.9	2.639
1395032400	17.9	17.9	17.9	17.9	1.016
1395036000	17.9	17.9	17.9	17.9	0.2394
1395039600	17.9	17.9	17.9	17.9	0.1612
1395054000	17.9	17.51	17.9	17.51	3.081
1395057600	16.3	16.99	16.99	16.47	7.605
1395064800	17.51	17.89	17.89	17.51	0.2
1395068400	17.89	17.89	17.89	17.89	1.398
1395075600	15.14	15.23	15.23	15.23	0.7274
1395086400	17.89	17.63	17.89	17.63	1.0
1395090000	17.07	17.12	17.12	17.06	5.561
1395093600	17.63	17.8	17.8	17.63	7.0
1395097200	17.8	17.89	17.89	17.8	0.5
1395100800	16.98	15.24	17.07	15.24	0.08799
1395104400	16.92	16.36	16.82	16.36	60.0
1395115200	17.89	17.89	17.89	17.89	0.09978
1395118800	17.89	17.89	17.89	17.89	0.04941
1395122400	15.03	17.37	17.37	14.97	0.5282
1395126000	17.89	17.86	17.89	17.86	13.01
1395133200	17.86	17.89	17.89	17.86	0.8466
1395136800	17.89	17.98	17.98	17.89	34.39
1395140400	18.0	18.13	18.13	18.07	4.592
1395144000	17.98	17.2	17.98	17.2	44.14
1395151200	19.38	198.22	198.22	19.82	0.2418
1395154800	17.2	18.5	18.5	17.2	96.81
1395158400	18.5	18.5	18.5	18.5	2.091
1395162000	17.6	18.0	18.0	17.7	3.486
1395165600	18.0	18.54	18.54	17.94	52.0
1395169200	19.58	19.1	19.58	19.1	13.63
1395172800	19.1	20.0	20.0	18.51	52.31
1395176400	19.41	19.31	19.31	19.31	13.2
1395180000	19.31	19.29	19.29	19.24	31.24
1395183600	18.64	18.56	18.56	18.56	0.1322
1395187200	20.0	19.73	20.0	19.73	4.471
1395190800	18.64	21.75	21.75	18.73	0.05408
1395194400	21.75	21.71	21.71	21.71	0.03554
1395198000	21.71	21.64	21.64	21.64	0.1463
1395201600	19.73	20.49	20.49	19.73	4.0
1395205200	19.45	19.59	19.59	19.46	40.0
1395208800	20.5	19.64	20.5	19.64	10.81
1395212400	19.64	18.91	19.8	18.91	41.04
1395216000	18.91	18.5	19.23	18.5	40.93
1395219600	17.71	17.63	17.79	17.63	24.0
1395226800	17.75	17.68	17.68	17.68	2.474
1395234000	17.55	17.23	17.43	17.23	0.72
1395241200	19.22	18.62	19.22	18.62	50.0
1395248400	17.35	17.41	17.41	15.34	28.5
1395252000	18.62	18.36	18.62	18.36	3.0
1395259200	18.36	18.1	18.36	18.1	0.5
1395262800	17.36	17.31	17.31	17.31	0.03311
1395273600	18.1	17.5	18.1	17.5	49.5
1395277200	17.5	17.51	17.51	17.5	3.193
1395284400	17.51	17.5	17.51	17.5	10.59
1395288000	17.19	16.9	17.02	16.9	0.28
1395298800	17.5	17.79	17.79	17.5	0.05614
1395302400	17.79	17.5	17.79	17.5	6.516
1395313200	17.5	17.5	17.5	17.5	18.89
1395316800	17.5	17.2	17.5	17.2	10.0
1395320400	17.2	16.9	17.2	16.9	0.0005982
1395324000	16.9	16.44	16.9	16.44	21.05
1395327600	16.44	16.44	16.44	16.44	3.302
1395331200	16.44	16.44	16.44	16.44	0.7976
1395334800	16.44	16.44	16.44	16.44	0.2005
1395338400	16.44	16.89	16.89	16.31	4.0
1395342000	16.59	16.08	18.88	16.08	26.1
1395349200	16.89	16.89	16.89	16.89	0.21
1395385200	15.8	15.92	16.27	15.92	36.03
1395392400	16.9	17.49	17.49	16.9	7.043
1395396000	17.49	17.49	17.49	17.49	6.957
1395399600	17.49	16.5	17.49	16.5	5.72
1395406800	16.5	16.3	16.5	16.3	1.0
1395417600	16.3	16.4	16.61	16.3	30.29
1395424800	16.4	16.21	16.4	16.21	1.325
1395428400	15.58	15.24	15.69	15.24	0.03883
1395432000	17.8	15.01	17.8	15.01	0.1
1395446400	16.21	16.21	16.21	16.21	0.0006212
1395450000	16.21	16.21	16.21	16.21	0.2747
1395453600	15.11	15.14	15.2	15.14	0.87
1395464400	16.21	15.57	16.21	15.56	89.66
1395471600	15.57	15.34	15.57	15.3	119.34
1395475200	15.34	15.33	15.4	15.3	73.04
1395478800	15.33	15.33	15.34	15.33	37.47
1395482400	15.33	15.33	15.38	15.33	15.55
1395500400	15.33	15.55	15.55	15.33	0.06437
1395504000	15.55	15.49	15.55	15.49	1.024
1395507600	15.49	15.49	15.49	15.49	0.1093
1395532800	19.75	14.92	19.33	14.92	1.2
1395597600	15.19	15.17	15.17	15.17	0.01308
1395604800	15.18	15.46	15.46	15.09	17.99
1395615600	14.96	17.64	17.64	14.88	7.057
1395619200	17.64	18.15	18.15	17.6	0.3894
1395648000	15.49	15.5	15.5	15.49	0.1772
1395651600	15.5	15.28	15.58	15.27	26.0
1395655200	15.28	15.3	15.3	15.28	1.004
1395658800	17.81	15.39	18.14	15.39	3.351
1395662400	15.39	15.38	15.38	15.38	0.8211
1395684000	15.3	16.0	16.0	15.3	7.247
1395687600	15.61	15.5	17.44	15.5	0.04608
1395691200	16.0	15.84	16.0	15.84	0.2002
1395694800	15.84	16.36	16.44	15.84	3.449
1395698400	16.36	16.12	17.28	16.06	18.98
1395709200	15.83	15.42	15.42	15.42	0.03508
1395734400	16.12	16.09	16.12	16.09	21.86
1395738000	16.09	16.06	16.09	16.06	5.0
1395752400	16.06	15.89	16.38	15.89	51.0
1395756000	15.72	15.3	15.75	15.3	6.878
1395763200	15.89	15.98	15.98	15.89	5.0
1395766800	15.98	16.09	16.09	15.98	3.958
1395770400	16.09	16.27	16.27	15.96	16.32
1395774000	16.27	16.37	16.37	16.27	17.26
1395777600	16.37	16.72	16.72	16.37	37.9
1395795600	16.72	16.23	16.72	16.07	11.57
1395806400	16.23	16.1	16.72	16.07	88.54
1395820800	16.1	16.03	16.11	16.03	39.0
1395831600	16.03	16.71	16.71	16.03	1.056
1395835200	16.71	16.72	16.72	16.71	23.38
1395838800	16.72	16.84	16.84	16.72	15.0
1395842400	16.84	16.67	16.84	16.67	0.5292
1395849600	16.67	16.59	16.67	16.59	1.403
1395856800	16.59	16.54	16.59	16.54	57.0
1395864000	15.35	15.59	15.59	15.43	1.5
1395867600	16.54	16.96	16.96	16.54	8.5
1395882000	16.96	16.55	16.96	16.55	0.1
1395885600	16.55	16.24	16.55	16.24	7.9
1395889200	16.24	16.0	16.24	16.0	0.3326
1395903600	16.0	16.45	16.45	16.0	3.0
1395910800	16.45	16.02	16.45	16.02	7.755
1395914400	16.02	16.18	16.18	16.02	35.67
1395925200	16.18	15.55	16.18	15.55	12.48
1395928800	15.55	15.0	15.55	15.0	15.07
1395932400	15.0	15.63	15.64	14.19	67.94
1395950400	15.63	14.85	15.63	14.85	36.19
1395954000	15.1	12.91	14.84	12.91	0.3831
1395961200	14.85	13.94	14.85	13.94	7.1
1395972000	13.94	14.58	14.58	13.94	0.5559
1395979200	12.97	12.81	12.81	12.81	0.2115
1395982800	14.23	14.74	14.77	14.23	17.24
1395986400	13.23	13.26	13.26	13.26	0.78
1395990000	14.74	15.43	15.43	14.74	3.793
1395993600	12.63	13.71	13.71	12.11	13.73
1396000800	14.88	14.5	14.88	14.5	2.494
1396004400	14.5	15.59	15.59	14.5	5.0
1396015200	15.59	14.54	15.59	14.52	0.5981
1396018800	14.54	14.55	14.55	14.54	0.0006916
1396022400	14.55	14.53	14.55	14.53	2.1
1396026000	14.53	14.53	14.53	14.53	0.05319
1396040400	14.53	14.59	14.59	14.53	5.0
1396044000	14.59	14.0	14.59	14.0	10.25
1396047600	12.79	12.59	12.74	12.59	2.0
1396069200	14.0	14.76	14.77	14.0	13.0
1396083600	12.71	12.7	12.7	12.69	1.0
1396105200	14.76	14.16	14.76	14.16	0.3516
1396112400	14.16	14.08	14.16	14.08	16.0
1396119600	13.69	13.57	13.74	13.57	12.81
1396123200	14.08	14.01	14.08	14.01	0.0497
1396130400	14.01	14.3	14.3	14.01	0.2343
1396141200	12.39	12.28	12.28	12.28	0.3455
1396170000	12.95	13.06	13.06	12.5	58.51
1396173600	15.0	14.99	15.0	14.0	0.1675
1396177200	13.07	13.08	13.08	13.08	28.61
1396198800	11.12	14.03	14.03	11.63	158.7
1396206000	12.86	13.47	13.47	12.86	2.036
1396213200	12.32	12.36	12.54	12.36	18.51
1396216800	12.75	12.75	12.75	12.75	0.1851
1396224000	14.07	11.85	14.24	11.85	1.0
1396227600	12.75	13.58	13.77	12.75	0.4234
1396231200	13.58	13.58	13.58	13.58	1.352
1396238400	13.58	13.25	13.58	13.25	0.02297
1396242000	11.36	11.23	11.28	11.23	2.0
1396252800	11.51	11.44	11.44	11.44	0.2301
1396256400	12.22	12.62	12.62	12.17	23.13
1396260000	14.99	15.0	15.0	14.99	0.2011
1396270800	13.25	13.11	13.25	13.11	21.0
1396281600	13.11	13.24	13.24	13.11	0.5734
1396285200	13.24	12.74	13.24	12.74	20.77
1396292400	11.68	11.62	11.66	11.62	0.1397
1396317600	11.72	13.86	13.86	11.53	0.05471
1396332000	14.03	14.17	14.17	14.17	0.005566
1396335600	12.74	13.66	13.66	12.74	3.327
1396342800	13.66	13.52	13.66	13.52	1.996
1396346400	13.65	13.42	13.64	13.42	119.06
1396350000	13.42	13.42	13.45	13.42	100.0
1396353600	13.42	12.99	13.1	12.99	40.78
1396357200	12.99	13.22	13.23	13.18	20.24
1396360800	13.22	13.06	13.06	13.04	37.43
1396364400	13.06	12.96	13.11	12.96	56.98
1396368000	12.96	13.65	13.65	13.16	19.84
1396371600	13.65	12.98	13.59	12.98	49.99
1396378800	13.41	13.41	13.41	13.41	0.8962
1396382400	12.94	12.91	12.91	12.8	19.4
1396386000	12.91	12.96	13.06	12.96	48.05
1396389600	12.96	12.84	12.95	12.84	56.17
1396393200	12.84	12.81	12.81	12.81	32.83
1396396800	12.81	12.89	12.89	12.89	7.16
1396422000	13.41	13.81	13.81	13.41	10.3
1396425600	12.65	13.05	13.05	12.82	7.0
1396429200	13.05	13.15	13.3	13.15	14.4
1396432800	13.15	13.14	13.22	13.14	61.47
1396436400	13.14	13.09	13.11	13.09	89.98
1396440000	13.09	12.71	12.71	12.71	64.87
1396443600	13.81	13.3	13.81	13.3	1.02
1396447200	12.92	12.35	12.4	12.21	42.84
1396450800	12.35	11.83	11.97	11.83	35.26
1396454400	11.83	11.94	11.96	11.94	54.85
1396458000	11.94	11.32	11.37	11.32	50.0
1396461600	11.93	11.93	11.93	11.93	1.139
1396465200	11.93	12.29	12.29	11.44	5.676
1396468800	12.29	12.09	12.29	12.09	0.365
1396472400	12.09	11.96	12.09	11.96	2.0
1396476000	11.96	11.94	11.96	11.94	0.6205
1396486800	11.94	11.35	11.94	11.35	1.736
1396490400	11.25	9.815	10.44	9.815	3.0
1396494000	11.5	11.01	11.5	11.01	7.0
1396497600	14.0	10.3	14.0	10.3	0.01
1396501200	10.57	10.48	10.52	10.47	48.62
1396504800	10.48	10.39	10.39	10.36	27.12
1396508400	10.3	14.99	14.99	10.3	0.199
1396512000	10.38	10.45	10.45	10.44	3.922
1396519200	10.43	10.59	10.81	10.59	26.73
1396522800	10.59	10.97	10.97	10.54	153.0
1396526400	11.69	11.68	11.69	11.68	76.91
1396533600	11.68	11.67	11.68	11.67	8.565
1396537200	11.67	11.42	11.67	11.0	6.005
1396544400	11.33	10.8	11.18	10.8	45.42
1396558800	11.42	11.5	11.5	11.42	4.749
1396562400	11.5	11.5	11.5	11.5	100.0
1396566000	10.64	10.7	10.7	10.68	2.39
1396569600	11.5	11.48	11.5	11.48	13.99
1396584000	9.259	9.425	9.425	9.296	0.1172
1396587600	9.425	11.69	11.69	9.317	0.004097
1396598400	11.48	11.31	11.48	11.31	2.059
1396616400	11.31	11.92	11.92	11.31	1.5
1396620000	11.92	11.83	11.92	11.83	0.3588
1396627200	10.82	11.09	11.09	10.88	34.69
1396634400	11.83	11.66	11.83	11.66	4.602
1396645200	11.13	11.21	11.21	11.14	5.629
1396656000	11.17	10.96	11.27	10.96	4.34
1396663200	10.78	11.09	11.09	11.09	4.826
1396692000	9.735	11.9	11.9	9.802	0.04247
1396699200	11.98	11.92	11.92	11.92	0.04179
1396702800	10.91	11.08	12.53	10.95	5.032
1396706400	11.0	14.99	14.99	11.0	0.006671
1396710000	11.66	11.48	11.66	11.39	16.48
1396713600	11.48	11.2	11.48	11.2	94.9
1396717200	14.99	11.2	14.99	11.2	0.2793
1396724400	11.9	13.24	13.24	11.71	10.0
1396746000	12.9	11.18	12.8	11.18	31.77
1396760400	11.2	11.95	11.95	11.2	3.059
1396771200	11.2	11.6	11.6	11.2	1.0
1396796400	10.41	11.46	11.46	10.29	0.8092
1396800000	11.95	11.39	11.95	11.39	10.0
1396857600	12.56	10.87	12.24	10.87	0.2994
1396861200	10.87	10.84	10.84	10.84	0.1906
1396872000	11.2	11.6	11.6	11.2	0.0007984
1396875600	10.93	11.05	11.05	11.05	0.1545
1396882800	11.39	11.58	11.58	11.39	0.8635
1396886400	11.58	11.95	11.96	11.53	2.7
1396890000	11.88	11.95	11.95	11.95	0.1687
1396897200	11.32	12.04	12.04	11.32	42.73
1396904400	12.13	12.03	12.03	12.03	14.93
1396929600	11.6	12.0	12.0	11.6	0.5661
1396940400	12.08	10.94	12.17	10.94	0.8554
1396944000	10.94	10.96	10.96	10.96	0.03242
1396947600	11.95	11.8	11.95	11.79	13.28
1396954800	11.8	11.8	11.8	11.8	0.6075
1396958400	11.8	11.8	11.8	11.8	0.2542
1396962000	11.8	11.92	11.92	11.8	3.8
1396980000	12.19	11.74	12.16	11.74	2.889
1396983600	11.92	12.0	12.0	11.92	0.1664
1396987200	12.06	11.97	11.97	11.97	0.3115
1397023200	12.03	13.09	13.09	12.02	0.448
1397037600	13.1	10.71	13.04	10.71	0.09048
1397059200	12.0	11.87	12.0	11.38	1.942
1397073600	12.0	11.0	12.42	11.0	1.094
1397088000	11.0	11.1	11.1	11.0	0.4868
1397095200	10.45	12.19	12.19	10.39	0.05456
1397098800	11.34	10.99	10.99	10.93	45.65
1397106000	11.87	11.32	11.87	11.32	1.228
1397109600	10.83	10.67	10.74	10.67	15.11
1397116800	10.61	10.71	10.73	10.64	38.0
1397120400	11.32	10.9	11.32	10.82	57.65
1397127600	10.61	10.58	10.6	10.58	40.0
1397134800	10.34	10.49	10.49	10.34	1.0
1397152800	10.6	8.3	10.6	8.3	0.995
1397163600	10.22	9.569	10.1	9.569	45.4
1397167200	9.583	9.126	9.583	9.125	87.41
1397170800	9.086	8.851	8.87	8.824	31.24
1397174400	8.851	8.685	8.685	8.395	8.392
1397185200	9.126	9.36	9.36	9.126	8.0
1397188800	9.36	9.37	9.37	9.36	72.5
1397192400	9.37	10.24	10.24	9.37	17.33
1397210400	9.338	10.27	10.27	9.455	0.006986
1397217600	10.31	10.85	10.85	10.85	0.09547
1397221200	10.64	10.83	10.84	10.83	8.443
1397228400	1.5	10.4	11.02	1.5	0.6509
1397239200	10.88	10.9	10.9	10.87	12.84
1397242800	10.9	11.0	11.0	10.9	7.559
1397264400	11.0	11.32	11.32	11.0	0.3119
1397271600	11.32	11.77	11.77	11.32	4.941
1397278800	11.77	11.41	11.77	11.41	8.032
1397286000	11.41	11.32	11.41	11.32	0.984
1397289600	11.32	11.32	11.32	11.32	0.0009998
1397314800	12.59	11.98	12.25	11.98	0.1663
1397318400	10.4	11.4	11.4	10.4	1.665
1397325600	11.4	10.5	11.4	10.5	0.1
1397329200	11.32	11.32	11.32	11.32	0.6985
1397354400	10.5	10.5	10.5	10.5	0.1
1397361600	11.99	11.13	12.01	11.13	0.1022
1397379600	11.08	11.14	11.14	11.14	0.02446
1397383200	11.32	10.92	11.43	10.92	0.1353
1397386800	11.03	10.99	10.99	10.99	0.6891
1397390400	10.92	10.92	10.92	10.92	9.0
1397394000	10.88	10.86	10.86	10.86	5.435
1397397600	10.92	10.92	10.92	10.92	0.05458
1397408400	10.45	10.13	10.72	10.13	0.07894
1397415600	10.92	10.25	10.92	10.25	40.01
1397426400	10.25	10.35	10.35	10.25	0.999
1397451600	10.35	11.3	11.3	10.35	1.554
1397455200	10.69	12.4	12.4	10.63	0.2764
1397458800	12.4	11.02	12.85	11.02	0.1015
1397462400	10.5	11.4	11.4	10.5	0.1962
1397473200	11.3	11.2	11.3	11.13	64.88
1397487600	11.2	11.99	11.99	11.2	8.382
1397502000	11.99	11.9	11.9	11.66	1.002
1397509200	12.83	11.25	12.65	11.25	0.00458
1397512800	11.25	10.93	11.41	10.93	0.1761
1397520000	11.99	11.86	11.99	10.96	32.87
1397523600	10.83	12.83	12.83	10.93	0.08176
1397534400	12.69	10.79	12.67	10.79	0.0535
1397541600	11.86	11.77	11.86	11.77	1.001
1397545200	11.77	11.86	11.86	11.77	1.962
1397548800	11.86	12.0	12.0	11.86	0.2083
1397552400	12.0	12.51	12.51	12.0	2.051
1397556000	12.51	12.51	12.51	12.51	0.09554
1397559600	12.51	12.16	12.51	12.16	9.3
1397563200	12.16	12.08	12.22	10.2	59.28
1397566800	12.08	12.08	12.08	12.08	58.03
1397570400	12.08	13.0	13.0	12.08	31.47
